player_id;league;appearances;matches_started;minutes_played;900 min;goals;assists;expected_goals;expected_assists;rating;total_shots;shots_on_target;yellow_cards;red_cards;tackles;interceptions;tackles_e_intercepciones;saves
41789;LaLiga;24;12;1187;Si;11;1;12,2942;1,01368347;6,783333333;54;25;2;0;5;2;7;0
855833;LaLiga;26;19;1576;Si;12;1;11,5706;1,34979216;6,788461538;57;28;2;0;5;3;8;0
1162107;LaLiga;16;4;404;No;1;1;1,2111;1,16943448;6,738461538;16;10;0;0;3;0;3;0
1402912;LaLiga;25;23;2044;Si;14;9;10,0974;8,98846676;7,884;99;34;1;0;34;10;44;0
831005;LaLiga;20;17;1299;Si;11;3;9,7871;5,55328372;7,45;58;19;4;0;13;4;17;0
992587;LaLiga;21;16;1453;Si;2;7;1,4782;3,63686697;7,566666667;17;9;0;1;37;18;55;0
814590;LaLiga;24;14;1337;Si;4;6;5,8376;3,78512215;6,783333333;65;22;2;0;8;1;9;0
1103693;LaLiga;3;0;74;No;0;1;;0,0941737;6,833333333;0;0;0;0;2;1;3;0
795222;LaLiga;19;16;1496;Si;1;4;1,1694;3,33843978;7,410526316;7;2;4;1;39;17;56;0
789071;LaLiga;24;17;1515;Si;7;6;6,6285;4,41813025;7,1625;59;20;0;0;28;13;41;0
1153270;LaLiga;23;13;1318;Si;5;8;5,0212;3,68486608;7,060869565;49;17;2;0;32;6;38;0
1526618;LaLiga;16;6;505;No;2;1;0,7548;0,45171544;6,942857143;5;2;4;0;17;6;23;0
1000483;LaLiga;19;9;865;No;0;1;0,4836;0,62212075;6,741176471;9;0;0;0;16;7;23;0
1939137;LaLiga;1;0;9;No;0;0;;0,00164371;6,5;0;0;0;0;0;0;0;0
1402913;LaLiga;24;24;2106;Si;1;0;0,5389;0,59828802;7,108333333;10;2;3;0;30;25;55;0
827212;LaLiga;25;20;1911;Si;1;3;1,6081;3,05828781;6,904;12;3;4;0;42;25;67;0
997035;LaLiga;21;18;1519;Si;0;2;0,3047;1,94639896;6,752380952;8;1;2;0;30;5;35;0
925097;LaLiga;18;8;832;No;3;0;1,3145;0,16224125;6,905882353;9;5;2;0;12;9;21;0
138892;LaLiga;7;5;435;No;1;2;0,2278;1,11464412;7,285714286;6;1;0;0;12;9;21;0
186795;LaLiga;12;3;406;No;0;0;0,0811;0,10402845;6,78;2;0;1;0;5;2;7;0
876214;LaLiga;27;25;2175;Si;1;2;2,8828;1,74598982;7,096296296;23;6;3;0;62;39;101;0
1094827;LaLiga;24;18;1465;Si;0;0;0,1261;0,79359776;7,02173913;5;2;5;0;31;20;51;0
1546073;LaLiga;2;1;91;No;0;0;;0,01139222;6,6;0;0;0;0;1;5;6;0
930267;LaLiga;23;23;2070;Si;0;0;;0,00837583;7,447826087;0;0;1;0;5;2;7;63
50490;LaLiga;6;6;540;No;0;0;;0,00227346;7,166666667;0;0;0;0;0;0;0;17
826643;LaLiga;24;23;2052;Si;23;4;20,8007;5,5994892;7,770833333;111;51;3;0;3;2;5;0
868812;LaLiga;28;25;2183;Si;11;5;11,4412;3,6474996;7,385714286;80;35;7;0;26;2;28;0
910536;LaLiga;19;6;680;No;1;3;2,5827;2,1332612;6,915789474;27;11;3;0;13;3;16;0
1403559;LaLiga;16;9;784;No;1;0;2,1745;2,1638136;6,73125;23;5;4;1;20;2;22;0
1402716;LaLiga;23;6;695;No;4;0;3,9804;0,76250788;6,619047619;14;9;1;0;11;3;14;0
991011;LaLiga;19;15;1307;Si;4;3;5,3467;1,67393549;7,261111111;36;19;1;0;42;12;54;0
831808;LaLiga;28;26;2296;Si;4;7;2,5019;4,30813259;7,275;43;16;2;1;37;20;57;0
1091116;LaLiga;29;23;1854;Si;4;8;4,4202;6,40838743;7,182758621;46;18;1;0;43;8;51;0
835485;LaLiga;21;6;708;No;0;4;0,6791;1,64555486;6,680952381;8;2;1;0;11;1;12;0
973887;LaLiga;21;12;1158;Si;1;0;1,0604;1,42956528;7,015;10;2;1;0;51;11;62;0
859025;LaLiga;26;25;2150;Si;1;0;2,0961;2,76512455;7,25;34;6;7;0;57;34;91;0
547838;LaLiga;15;4;482;No;0;0;0,0448;0,68577844;6,935714286;3;0;1;0;18;7;25;0
2237795;LaLiga;4;4;272;No;0;0;0,2205;0,1099501;6,175;3;1;1;0;3;3;6;0
795064;LaLiga;14;8;669;No;0;3;0,1902;1,86764758;6,815384615;6;1;1;0;9;12;21;0
142622;LaLiga;12;11;996;Si;1;0;0,6597;0,30133615;6,9;10;1;0;0;10;3;13;0
1176744;LaLiga;21;19;1589;Si;2;2;2,1644;1,0803654;7,238095238;17;4;5;1;24;17;41;0
822519;LaLiga;13;12;1002;Si;1;1;1,366;0,69023406;7,330769231;17;8;2;0;20;10;30;0
138572;LaLiga;12;7;659;No;0;0;0,3274;1,70763152;6,833333333;4;1;0;0;10;4;14;0
1156645;LaLiga;19;14;1346;Si;2;0;1,0208;0,53555223;6,973684211;13;4;3;0;14;8;22;0
66492;LaLiga;8;3;251;No;0;0;0,1903;0,06023749;6,785714286;3;1;1;0;5;0;5;0
1085081;LaLiga;24;22;1980;Si;2;2;0,307;1,31814893;7,060869565;8;2;5;1;34;33;67;0
792073;LaLiga;2;1;91;No;0;0;;0,03735155;6,8;0;0;0;0;1;1;2;0
851271;LaLiga;9;7;598;No;1;1;0,7471;0,35149767;6,6;5;2;0;1;14;5;19;0
70988;LaLiga;28;28;2520;Si;0;0;;0,0309922;6,921428571;0;0;1;0;1;0;1;58
857574;LaLiga;1;1;90;No;0;0;;0,00063811;7;0;0;0;1;0;0;0;5
1009372;LaLiga;24;18;1623;Si;9;5;8,5573;2,18117091;6,933333333;49;25;1;0;4;4;8;0
593526;LaLiga;28;20;1870;Si;5;4;6,4962;5,00196636;7,175;51;19;3;0;26;12;38;0
146866;LaLiga;15;11;860;No;8;0;4,7419;1,69543729;7,173333333;27;13;0;0;11;3;14;0
345195;LaLiga;18;9;819;No;2;3;3,2801;0,48907196;6,688888889;13;5;3;0;19;4;23;0
1172477;LaLiga;23;5;664;No;2;1;3,2393;0,42592054;6,523809524;15;7;1;0;4;0;4;0
1468090;LaLiga;14;4;383;No;1;0;0,6882;0,16177321;6,571428571;11;7;0;0;1;1;2;0
316148;LaLiga;19;7;755;No;0;0;0,3585;0,34064186;6,688888889;8;1;0;0;16;12;28;0
879694;LaLiga;23;19;1596;Si;4;2;3,2048;2,48446436;7,047826087;37;10;7;0;31;25;56;0
973290;LaLiga;27;17;1532;Si;6;1;1,81;1,8896623;6,825925926;22;9;7;0;25;20;45;0
1012444;LaLiga;28;24;1905;Si;9;4;5,229;2,86055012;6,910714286;40;18;3;0;21;6;27;0
39182;LaLiga;24;12;1057;Si;0;0;0,1687;0,96632817;6,869565217;2;0;2;0;28;12;40;0
843678;LaLiga;27;22;1894;Si;3;5;3,8537;3,19199956;6,885185185;22;7;4;1;39;21;60;0
1087359;LaLiga;25;20;1855;Si;0;0;0,1732;0,2203852;6,688;8;3;3;1;14;19;33;0
873189;LaLiga;13;12;936;Si;0;0;0,1248;0,17769759;7,146153846;2;0;2;0;20;16;36;0
1468046;LaLiga;22;21;1876;Si;1;2;1,0068;0,41121157;6,977272727;13;3;7;1;80;25;105;0
984623;LaLiga;18;17;1575;Si;1;0;0,3522;0,63092246;7,044444444;4;1;1;0;28;18;46;0
986245;LaLiga;23;16;1547;Si;0;3;0,854;2,19228703;6,673913043;14;3;4;0;36;29;65;0
1184541;LaLiga;4;0;54;No;0;0;;0,00950016;6,55;0;0;0;0;2;1;3;0
797290;LaLiga;22;14;1302;Si;1;2;1,0871;2,17811081;6,795238095;10;3;6;0;34;21;55;0
1525863;LaLiga;17;17;1438;Si;0;0;0,0221;0,14945261;6,835294118;1;1;3;0;59;15;74;0
908714;LaLiga;3;3;270;No;0;0;;0,00473143;6,333333333;0;0;0;0;1;0;1;6
1066603;LaLiga;26;26;2340;Si;0;0;;0,02198741;6,946153846;0;0;3;0;0;1;1;66
944656;LaLiga;29;22;1902;Si;8;4;7,6955;5,12599782;6,955172414;54;26;2;0;21;3;24;0
85859;LaLiga;26;7;975;Si;6;1;5,8992;2,26537048;6,892307692;34;18;0;0;10;3;13;0
824200;LaLiga;7;5;337;No;2;0;1,7505;0,23662684;6,8;13;3;1;0;2;1;3;0
309078;LaLiga;28;17;1563;Si;10;0;7,3961;0,84432655;6,771428571;53;28;4;1;12;0;12;0
944660;LaLiga;20;11;910;Si;3;1;3,5005;1,42245184;6,92;17;10;1;0;19;5;24;0
901325;LaLiga;21;16;1291;Si;3;0;3,343;1,91385525;6,861904762;40;18;3;0;20;11;31;0
1099352;LaLiga;26;21;1858;Si;3;6;4,4495;4,74651246;6,907692308;33;12;1;0;35;17;52;0
910031;LaLiga;20;14;1078;Si;2;2;1,7082;3,75478863;6,978947368;21;6;3;0;12;9;21;0
990169;LaLiga;13;11;770;No;0;0;0,0778;0,44245394;6,853846154;2;0;5;0;32;12;44;0
1142588;LaLiga;21;19;1580;Si;1;1;1,7035;2,0450784;7,047619048;21;6;0;0;29;23;52;0
84539;LaLiga;27;18;1742;Si;2;2;0,4197;3,48243773;7,133333333;10;4;4;0;38;16;54;0
1119345;LaLiga;3;1;127;No;0;0;;0,05629577;6,833333333;0;0;1;0;5;0;5;0
1391752;LaLiga;20;10;1007;Si;1;0;0,7401;0,94044628;6,57;14;2;5;0;16;4;20;0
831799;LaLiga;21;11;1050;Si;2;1;0,3786;1,20990541;6,775;10;3;3;0;27;13;40;0
353138;LaLiga;25;21;1862;Si;0;4;1,8694;3,16298285;6,968;16;6;5;0;46;9;55;0
580550;LaLiga;12;12;930;Si;0;0;0,2016;0,24809792;6,766666667;3;0;2;1;9;14;23;0
787751;LaLiga;21;13;1335;Si;1;0;0,4357;0,27052176;6,852380952;3;1;3;0;20;10;30;0
325355;LaLiga;14;12;1128;Si;0;1;1,737;0,4441249;6,923076923;13;3;4;0;21;15;36;0
807771;LaLiga;26;23;2119;Si;0;2;0,993;2,0200801;6,84;19;5;2;0;42;17;59;0
1094106;LaLiga;12;9;842;No;0;1;0,1825;0,54271565;7,35;6;2;1;0;13;17;30;0
965011;LaLiga;20;16;1325;Si;0;3;0,1256;3,13868583;6,815;4;2;4;0;33;12;45;0
1402990;LaLiga;1;1;90;No;0;0;0,031;0,0441622;6,7;1;0;0;0;2;0;2;0
69768;LaLiga;26;26;2340;Si;0;0;;0,02379958;7,080769231;0;0;0;0;0;0;0;58
263651;LaLiga;3;3;270;No;0;0;;0,00167689;7,1;0;0;1;0;0;0;0;9
115665;LaLiga;15;4;458;No;3;0;3,2765;0,23484921;6,66;20;9;0;0;2;1;3;0
887055;LaLiga;24;23;1983;Si;8;3;8,6424;1,82439218;6,825;69;18;3;0;24;7;31;0
789381;LaLiga;12;3;351;No;1;0;1,5306;0,59957232;6,62;7;2;4;0;1;3;4;0
958380;LaLiga;24;22;1872;Si;7;5;6,389;4,4682498;7,2125;65;27;4;1;27;19;46;0
1011375;LaLiga;20;18;1541;Si;5;5;6,4233;2,41725666;7,155;56;16;3;0;35;11;46;0
359272;LaLiga;9;7;692;No;0;0;0,1391;0,21178554;7,033333333;4;1;3;0;12;6;18;0
103417;LaLiga;1;0;30;No;0;1;0,082;0,179274;7,1;2;0;0;0;0;0;0;0
798835;LaLiga;17;11;1098;Si;2;2;2,4049;2,0385769;7,064705882;27;10;3;0;14;5;19;0
1129401;LaLiga;16;7;598;No;0;0;0,429;0,27669587;6,833333333;16;0;3;0;13;4;17;0
989113;LaLiga;19;7;663;No;0;1;1,8727;1,15611572;6,568421053;19;5;1;0;11;3;14;0
838629;LaLiga;6;6;447;No;1;0;0,4733;0,12999577;6,866666667;3;2;0;0;10;2;12;0
816763;LaLiga;29;26;2263;Si;7;4;3,3464;4,8819636;7,124137931;36;16;2;0;33;28;61;0
1893910;LaLiga;14;2;373;No;0;0;1,1412;0,11968726;6,5;11;4;1;0;10;4;14;0
847128;LaLiga;23;20;1672;Si;0;1;1,1407;1,0282887;6,82173913;12;4;1;0;33;18;51;0
1137814;LaLiga;20;10;964;Si;1;1;0,2496;0,71439716;6,975;4;1;2;0;39;17;56;0
188365;LaLiga;18;13;1235;Si;1;2;0,2844;1,8862565;6,683333333;4;4;1;0;17;8;25;0
1015287;LaLiga;26;26;2257;Si;0;0;0,3071;0,11372455;6,665384615;8;1;7;0;29;31;60;0
914835;LaLiga;10;8;676;No;0;1;0,4604;0,67986735;6,56;5;0;2;0;21;8;29;0
1186010;LaLiga;21;13;1330;Si;1;0;0,6783;0,62089847;6,825;9;3;5;0;39;20;59;0
99519;LaLiga;22;18;1772;Si;1;0;0,546;0,4127894;6,981818182;14;5;3;0;41;25;66;0
67769;LaLiga;18;14;1212;Si;0;1;0,0991;0,2965323;6,623529412;2;0;0;0;14;6;20;0
305278;LaLiga;11;8;628;No;1;0;0,7644;0,03178936;6,99;2;1;3;0;13;14;27;0
893062;LaLiga;23;17;1514;Si;4;2;3,1617;1,49474583;6,895652174;26;10;3;0;33;17;50;0
1152139;LaLiga;13;7;582;No;0;0;0,0351;0,81075903;6,736363636;1;0;1;0;27;3;30;0
548848;LaLiga;9;9;810;No;0;0;;0,00697374;7,077777778;0;0;1;0;1;0;1;30
964983;LaLiga;20;20;1800;Si;0;0;;0,02480857;6,89;0;0;1;0;0;0;0;61
19356;LaLiga;24;8;839;No;4;3;4,1766;3,16370609;6,886956522;24;11;3;0;11;10;21;0
785989;LaLiga;26;17;1508;Si;11;2;8,9517;1,46102282;6,761538462;41;22;6;0;6;0;6;0
949962;LaLiga;21;16;1190;Si;7;2;4,5605;0,97309351;6,976190476;34;20;4;0;8;6;14;0
1173575;LaLiga;19;4;597;No;2;0;2,501;0,61042783;6,647368421;15;4;0;0;5;3;8;0
1398524;LaLiga;22;12;1070;Si;2;2;3,4711;1,11997226;6,559090909;28;10;0;0;10;3;13;0
962890;LaLiga;28;19;1820;Si;0;1;1,0825;1,37221541;6,7;15;3;5;0;62;15;77;0
1126779;LaLiga;21;9;877;No;3;2;2,9895;0,88932846;6,671428571;18;9;2;0;18;2;20;0
859773;LaLiga;25;18;1571;Si;1;4;0,6293;3,30405377;6,932;14;5;4;0;36;8;44;0
158615;LaLiga;3;1;81;No;0;0;0,0807;0,04694895;6,8;2;0;0;0;3;2;5;0
1526628;LaLiga;8;6;511;No;0;0;0,3452;0,40723047;6,6125;5;1;1;0;2;2;4;0
1154935;LaLiga;20;10;968;Si;3;1;1,3666;1,67012732;6,815;7;4;2;0;10;8;18;0
1120669;LaLiga;16;13;1091;Si;0;2;0,0914;2,05721936;7,04375;2;1;2;0;26;12;38;0
1002764;LaLiga;25;21;1951;Si;2;1;1,3836;1,40996737;6,85;12;5;2;0;27;18;45;0
1398526;LaLiga;19;14;1310;Si;1;0;0,9097;1,38568832;6,947368421;8;1;3;0;27;12;39;0
1916256;LaLiga;1;0;17;No;0;0;;0,00027605;6,2;0;0;0;0;0;0;0;0
69408;LaLiga;24;23;2064;Si;1;0;2,0405;1,4097972;7,054166667;21;3;3;0;32;23;55;0
796320;LaLiga;6;5;459;No;0;0;0,2417;0,03880029;6,366666667;2;0;0;0;6;7;13;0
360718;LaLiga;19;17;1493;Si;0;0;0,5515;0,11377528;6,857894737;4;1;1;1;23;17;40;0
1526627;LaLiga;25;20;1886;Si;0;1;0,5269;0,69352057;6,768;10;2;4;0;30;19;49;0
363774;LaLiga;4;4;255;No;0;0;0,02;0,02481698;6,65;1;0;0;0;1;2;3;0
1012410;LaLiga;21;21;1764;Si;0;2;0,2865;2,75140627;6,961904762;6;1;2;0;25;16;41;0
1008259;LaLiga;20;10;985;Si;2;4;1,2677;2,21994239;6,855;10;3;4;0;14;14;28;0
1069703;LaLiga;8;6;610;No;0;0;0,5243;0,07446759;6,6875;2;1;1;0;13;5;18;0
1145100;LaLiga;4;4;335;No;0;0;;0,05201894;6,7;0;0;2;0;7;3;10;0
1630975;LaLiga;13;9;720;No;0;0;0,0522;0,09293786;6,7;2;0;2;0;13;7;20;0
815202;LaLiga;29;29;2610;Si;0;0;;0,04200276;7,055172414;0;0;0;0;0;0;0;84
823622;LaLiga;26;25;2184;Si;12;3;12,559;2,95269682;7,069230769;68;30;2;0;20;3;23;0
1026015;LaLiga;12;2;312;No;4;0;2,2779;0,13180664;6,827272727;9;6;2;0;4;1;5;0
966862;LaLiga;23;16;1365;Si;3;3;2,133;3,94396386;6,852173913;26;8;2;0;19;13;32;0
1099175;LaLiga;6;0;127;No;0;0;0,8976;0,03076445;6,383333333;6;2;0;0;1;0;1;0
880218;LaLiga;18;13;1183;Si;2;3;2,2793;2,32870117;7,083333333;25;12;0;0;25;7;32;0
1211632;LaLiga;3;1;71;No;0;0;;0,0135565;6,433333333;0;0;0;0;0;0;0;0
949156;LaLiga;14;6;577;No;2;1;1,3206;0,28790949;6,714285714;15;5;1;0;6;3;9;0
1066045;LaLiga;16;2;391;No;0;0;1,0178;1,07529669;6,52;14;3;1;0;9;0;9;0
855835;LaLiga;27;23;2065;Si;0;2;0,8791;3,57866004;6,777777778;9;0;2;0;77;24;101;0
839585;LaLiga;10;6;421;No;0;0;0,4041;0,1910209;6,6;6;1;1;0;7;2;9;0
832427;LaLiga;24;18;1618;Si;4;2;2,0686;2,38882087;6,979166667;26;16;2;1;29;9;38;0
280979;LaLiga;29;21;1698;Si;8;4;3,1909;2,44868471;6,9;39;17;2;0;24;3;27;0
845385;LaLiga;25;18;1479;Si;5;2;3,5596;2,50935286;6,924;30;14;5;1;28;5;33;0
980410;LaLiga;19;10;858;No;0;3;0,6238;0,47214871;6,863157895;15;5;5;0;33;5;38;0
1216309;LaLiga;25;22;1912;Si;1;3;0,7028;0,50148624;6,772;11;1;6;0;39;32;71;0
1139409;LaLiga;25;12;1114;Si;0;0;1,1523;0,59575331;6,412;12;4;1;0;14;5;19;0
1116388;LaLiga;27;25;2211;Si;1;0;1,6271;0,55318539;6,640740741;16;5;9;0;86;37;123;0
257091;LaLiga;20;17;1543;Si;1;0;1,0236;0,55322739;6,845;10;2;4;1;16;21;37;0
353250;LaLiga;5;2;202;No;1;0;0,5154;0,3547884;7,05;1;1;0;0;5;1;6;0
1466116;LaLiga;18;18;1620;Si;0;0;1,0298;0,14562813;6,777777778;11;3;4;0;22;27;49;0
838159;LaLiga;22;21;1899;Si;0;1;0,2626;0,42176356;6,622727273;6;1;8;0;32;21;53;0
966441;LaLiga;16;7;700;No;0;0;0,4363;0,44043966;6,5125;5;1;1;0;25;5;30;0
785468;LaLiga;10;4;399;No;0;0;0,3311;0,04285708;6,533333333;3;2;0;0;8;6;14;0
791773;LaLiga;29;29;2610;Si;0;0;;0,06799241;6,937931034;0;0;0;0;1;1;2;75
973536;LaLiga;10;10;884;No;3;0;1,3547;0,37709872;6,82;18;9;4;0;14;7;21;0
604954;LaLiga;14;12;1044;Si;4;1;2,9229;0,23747717;6,671428571;14;7;0;0;5;5;10;0
974713;LaLiga;9;9;717;No;2;0;0,5904;0,20978591;6,688888889;11;5;0;0;4;3;7;0
831510;LaLiga;2;0;59;No;0;0;0,0953;0,0717843;6,6;1;0;0;0;0;1;1;0
1515554;LaLiga;23;17;1435;Si;3;0;1,9455;0,2937687;6,526086957;23;9;3;1;21;3;24;0
96369;LaLiga;8;0;176;No;1;0;0,1483;0,10740251;6,575;2;1;0;0;2;0;2;0
1154549;LaLiga;27;20;1609;Si;2;0;1,6022;0,51700777;6,488888889;23;5;9;0;47;11;58;0
811629;LaLiga;28;28;2474;Si;0;9;1,035;4,7009769;7,032142857;19;2;3;1;44;28;72;0
385888;LaLiga;29;29;2544;Si;6;2;5,7238;0,57001909;6,782758621;49;17;4;0;57;19;76;0
1087476;LaLiga;9;1;198;No;0;0;0,3321;0,05126727;6,4375;3;1;1;0;4;2;6;0
353154;LaLiga;14;4;501;No;0;0;0,3416;0,78099784;6,546153846;12;6;0;0;7;4;11;0
1398518;LaLiga;15;5;634;No;0;1;0,3336;0,95098725;6,45;11;4;1;1;9;2;11;0
1101232;LaLiga;16;12;1005;Si;0;2;0,3026;0,37163864;6,713333333;7;1;7;1;30;15;45;0
307702;LaLiga;27;25;2050;Si;0;0;0,1319;0,16050428;6,618518519;4;0;7;1;30;24;54;0
1895964;LaLiga;4;1;120;No;0;1;0,0163;0,00642706;6,633333333;1;0;2;0;6;2;8;0
1392092;LaLiga;6;1;151;No;0;0;0,2696;0,00339668;6,6;2;1;1;0;7;0;7;0
1108450;LaLiga;9;9;810;No;0;0;0,3453;0,05141371;6,811111111;5;0;3;0;18;21;39;0
350560;LaLiga;25;18;1704;Si;0;0;0,3255;0,94080239;6,629166667;11;1;4;0;46;29;75;0
128637;LaLiga;11;4;289;No;0;0;0,1758;0,11346185;6,371428571;3;1;5;1;6;1;7;0
576276;LaLiga;26;26;2226;Si;1;1;0,8269;0,17194881;6,638461538;12;4;9;0;22;24;46;0
949707;LaLiga;28;27;2383;Si;1;2;0,9607;1,43276918;6,853571429;21;4;3;0;94;17;111;0
53739;LaLiga;24;22;1764;Si;1;1;0,686;1,17052717;6,579166667;8;3;5;0;35;31;66;0
1918369;LaLiga;7;4;429;No;0;0;0,2136;0,45940777;6,485714286;3;1;1;0;14;3;17;0
1895197;LaLiga;1;0;26;No;0;0;;0,00485181;6,4;0;0;0;0;3;0;3;0
604258;LaLiga;29;29;2610;Si;0;0;;0,08907388;7,255172414;0;0;2;0;0;0;0;94
1520799;LaLiga;8;2;254;No;1;0;1,0248;0,1159028;6,5125;7;4;1;0;0;1;1;0
605672;LaLiga;26;20;1693;Si;6;1;8,2768;1,36088752;6,511538462;60;23;2;1;12;7;19;0
1430667;LaLiga;11;1;162;No;0;0;0,8149;0,30136815;6,47;8;4;2;0;2;0;2;0
1085400;LaLiga;19;15;1316;Si;4;2;4,502;4,33428639;6,963157895;37;13;1;0;12;6;18;0
783374;LaLiga;21;17;1498;Si;2;4;4,598;1,89018176;6,619047619;45;15;1;0;8;4;12;0
966801;LaLiga;22;19;1504;Si;3;0;6,0941;1,33093808;6,504545455;42;14;4;1;13;3;16;0
592012;LaLiga;24;21;1768;Si;2;3;3,5045;5,04079702;6,679166667;37;19;4;0;21;11;32;0
1495844;LaLiga;28;27;2281;Si;2;0;1,4142;1,96852137;6,828571429;31;8;3;0;57;40;97;0
96365;LaLiga;26;24;1727;Si;1;1;0,6215;2,18518297;7,011538462;16;2;9;0;49;14;63;0
944165;LaLiga;24;7;902;Si;5;1;3,467;1,35934573;6,658333333;14;7;1;0;10;6;16;0
1391375;LaLiga;20;7;638;No;1;1;1,536;0,92708708;6,542105263;14;3;1;0;10;0;10;0
1012409;LaLiga;2;1;85;No;0;0;0,0269;0,01312705;6,55;1;0;1;0;3;2;5;0
2110897;LaLiga;20;6;782;No;1;0;0,3813;0,31896019;6,69;10;3;5;0;31;16;47;0
1953923;LaLiga;7;2;199;No;0;1;0,2664;0,16925573;6,485714286;4;1;0;0;3;1;4;0
359742;LaLiga;19;1;389;No;0;0;0,1287;0,16073506;6,588888889;2;0;0;0;15;9;24;0
1019318;LaLiga;13;4;337;No;1;0;0,5763;0,70790869;6,609090909;13;2;0;0;5;2;7;0
149734;LaLiga;18;17;1490;Si;0;1;1,5618;0,24633989;6,944444444;13;4;2;0;19;18;37;0
910978;LaLiga;24;23;2098;Si;1;0;1,1387;0,56602289;6,666666667;14;5;8;1;44;28;72;0
1398511;LaLiga;9;6;593;No;0;0;0,0188;0,36836126;6,377777778;1;0;1;0;12;13;25;0
84531;LaLiga;25;24;2115;Si;0;3;0,3876;2,59914195;6,972;17;4;3;0;34;30;64;0
959872;LaLiga;17;16;1449;Si;1;0;1,0141;0,51088079;6,770588235;12;3;4;0;21;26;47;0
910267;LaLiga;23;13;1399;Si;0;1;0,1186;1,21411429;6,7;3;0;3;0;21;17;38;0
866810;LaLiga;16;10;817;No;0;1;0,2484;0,71499637;6,59375;5;1;2;0;24;7;31;0
801837;LaLiga;9;7;525;No;0;0;0,1287;0,16520549;6,3375;3;1;2;2;14;3;17;0
797291;LaLiga;29;29;2610;Si;0;0;;0,11048203;6,94137931;0;0;1;0;1;0;1;80
1145642;LaLiga;29;27;2279;Si;5;2;5,1388;2,29921814;6,768965517;70;27;3;0;19;8;27;0
37318;LaLiga;28;26;2205;Si;14;0;11,367;1,39515111;6,960714286;75;28;1;0;16;4;20;0
997280;LaLiga;27;5;786;No;5;0;5,1762;1,02621606;6,744444444;27;16;1;1;14;7;21;0
1086346;LaLiga;5;1;163;No;1;0;0,6042;0,49987875;7,02;2;1;1;0;1;2;3;0
591132;LaLiga;19;1;292;No;1;2;0,505;0,68711022;6,610526316;4;2;3;0;5;0;5;0
980383;LaLiga;7;4;346;No;0;2;0,1177;0,7646288;6,828571429;4;0;0;0;1;0;1;0
985329;LaLiga;22;19;1632;Si;0;2;1,5216;2,6422077;6,868181818;26;4;5;0;33;9;42;0
260031;LaLiga;26;20;1636;Si;2;5;1,3892;4,19112805;6,869230769;20;5;5;0;42;13;55;0
976141;LaLiga;27;26;2270;Si;0;4;1,6827;2,62616604;6,87037037;17;3;7;0;39;16;55;0
187313;LaLiga;26;25;1847;Si;0;1;1,1543;0,65638659;6,76;19;5;6;0;30;23;53;0
149370;LaLiga;20;10;990;Si;0;1;0,3932;1,2752017;6,875;11;2;2;0;14;9;23;0
1119586;LaLiga;13;5;667;No;0;0;0,2792;0,22106254;6,723076923;7;3;3;0;10;8;18;0
1399702;LaLiga;13;2;318;No;1;0;0,428;0,09708864;6,64;3;1;1;0;6;4;10;0
1067582;LaLiga;22;21;1825;Si;1;1;0,6094;0,91478515;6,9;6;2;4;0;50;12;62;0
825133;LaLiga;17;13;1198;Si;0;1;0,166;1,85976044;6,905882353;4;1;2;0;35;21;56;0
900792;LaLiga;27;27;2353;Si;2;2;2,3139;0,99615615;6,911111111;14;2;8;1;29;30;59;0
842419;LaLiga;22;21;1756;Si;0;1;0,2256;1,42963377;6,640909091;8;2;3;1;34;32;66;0
1010165;LaLiga;22;15;1435;Si;1;0;0,6348;0,86137433;6,763636364;11;3;5;1;30;15;45;0
944225;LaLiga;24;14;1399;Si;0;1;0,292;0,80177848;6,695652174;3;0;2;0;29;15;44;0
897902;LaLiga;14;7;615;No;0;0;0,3909;0,22289354;6,6;1;0;0;0;4;3;7;0
1495856;LaLiga;6;2;196;No;0;0;;0,01597319;6,45;0;0;0;1;3;2;5;0
294377;LaLiga;29;29;2610;Si;0;0;;0,07109303;7,137931034;0;0;3;0;0;0;0;96
877037;LaLiga;5;3;214;No;0;2;0,3568;0,49305159;6,7;7;2;2;0;4;3;7;0
84972;LaLiga;28;13;1336;Si;6;1;6,2793;2,14955724;6,732142857;47;21;3;0;10;5;15;0
758664;LaLiga;17;4;556;No;1;0;0,7811;0,08163199;6,535294118;8;3;1;2;10;4;14;0
891511;LaLiga;10;8;678;No;2;0;3,4729;0,82551144;6,588888889;15;9;2;0;4;3;7;0
877262;LaLiga;27;23;1825;Si;1;6;1,761;5,99696705;7,092592593;30;9;6;0;37;17;54;0
175185;LaLiga;26;21;1647;Si;6;0;6,3079;2,1274543;6,746153846;53;19;5;1;28;13;41;0
1063015;LaLiga;28;22;1914;Si;1;4;2,1877;3,32466735;6,728571429;29;9;4;1;47;14;61;0
826010;LaLiga;26;23;1801;Si;1;1;0,641;1,55728899;6,7;15;4;7;0;32;19;51;0
1088565;LaLiga;21;8;746;No;1;1;0,957;0,77564012;6,665;9;3;0;0;19;9;28;0
1064009;LaLiga;28;20;1915;Si;0;1;0,6081;0,54391103;6,685714286;13;1;4;0;42;22;64;0
1019236;LaLiga;21;8;778;No;1;0;1,7762;1,30534357;6,60952381;19;5;1;0;7;5;12;0
1099344;LaLiga;8;1;126;No;0;0;0,1521;0,15609837;6,4625;3;0;1;0;4;0;4;0
1064026;LaLiga;27;24;2097;Si;0;2;0,0074;1,8294982;6,714814815;1;0;5;0;55;28;83;0
1396048;LaLiga;27;27;2400;Si;5;2;2,2804;2,82390588;6,922222222;29;8;3;0;76;30;106;0
81992;LaLiga;28;28;2520;Si;3;0;2,3632;1,32878217;6,789285714;32;9;2;0;32;19;51;0
1129360;LaLiga;16;13;1120;Si;0;1;0,128;0,18276959;6,74375;3;1;4;0;23;10;33;0
857205;LaLiga;21;18;1596;Si;0;0;1,5791;0,10234442;6,838095238;9;1;3;0;22;22;44;0
1068891;LaLiga;10;2;253;No;0;0;;0,33498743;6,433333333;0;0;2;0;2;2;4;0
934351;LaLiga;11;1;218;No;1;0;0,72;0,00582895;6,811111111;2;1;0;0;4;1;5;0
1021165;LaLiga;14;4;509;No;0;1;0,0526;1,01208413;6,757142857;3;0;2;0;5;9;14;0
94527;LaLiga;29;29;2610;Si;0;0;;0,13464979;7,04137931;0;0;0;0;3;0;3;96
962029;LaLiga;23;13;1133;Si;1;2;2,8353;1,38989281;6,608695652;28;8;1;0;18;4;22;0
827064;LaLiga;26;18;1559;Si;3;2;4,6052;2,59202903;6,796153846;35;14;0;0;12;1;13;0
754710;LaLiga;16;6;646;No;1;1;1,3743;0,84277568;6,625;15;4;3;0;2;1;3;0
909119;LaLiga;28;17;1563;Si;9;0;6,7837;0,79422538;6,732142857;28;12;5;0;12;3;15;0
909966;LaLiga;18;6;721;No;5;1;4,826;1,51860027;6,822222222;29;12;4;0;6;10;16;0
873947;LaLiga;12;3;283;No;0;1;0,2105;0,36788855;6,572727273;8;1;0;0;7;4;11;0
609752;LaLiga;7;5;498;No;0;0;0,2855;0,285781;6,942857143;6;0;0;0;19;3;22;0
1122610;LaLiga;28;18;1515;Si;1;3;1,7376;1,70754505;6,692592593;18;6;3;0;22;19;41;0
826948;LaLiga;23;20;1710;Si;2;0;3,5;2,00727124;7,031818182;22;3;3;0;49;17;66;0
998950;LaLiga;26;15;1345;Si;3;0;2,2278;1,27831498;6,661538462;21;5;2;0;13;8;21;0
845693;LaLiga;18;10;939;Si;0;1;0,5535;1,79573589;6,976470588;8;2;0;0;22;10;32;0
900433;LaLiga;28;23;1963;Si;2;5;1,7814;3,3102295;6,742857143;33;4;1;0;22;14;36;0
857482;LaLiga;18;12;1040;Si;0;3;0,7392;1,57250225;6,772222222;15;2;3;0;15;7;22;0
344751;LaLiga;19;7;775;No;1;1;0,365;0,80632761;6,833333333;6;2;2;0;12;7;19;0
797306;LaLiga;8;7;544;No;1;0;0,5319;0,073605;6,814285714;4;3;3;0;8;10;18;0
227922;LaLiga;25;24;1902;Si;1;1;0,6713;1,70185553;6,54;9;2;6;1;53;15;68;0
892521;LaLiga;7;7;592;No;0;0;0,213;0,07915009;6,771428571;5;0;2;0;15;6;21;0
996928;LaLiga;23;20;1787;Si;0;0;0,2627;0,10372951;6,72173913;7;1;6;0;31;18;49;0
851282;LaLiga;19;15;1239;Si;0;1;0,3511;1,72738289;6,526315789;5;1;4;0;27;16;43;0
814023;LaLiga;12;10;924;Si;2;0;0,8585;0,20476636;6,891666667;5;2;2;0;20;15;35;0
151138;LaLiga;15;12;1157;Si;0;0;0,5715;0,27053974;6,38;6;1;1;0;15;8;23;0
996929;LaLiga;17;5;739;No;0;0;0,287;0,31658073;6,635294118;7;2;2;0;19;2;21;0
913695;LaLiga;21;19;1768;Si;0;0;1,5385;0,61313058;6,623809524;13;0;5;0;26;22;48;0
1014412;LaLiga;18;18;1620;Si;0;0;;0,01880043;6,911111111;0;0;1;0;2;0;2;54
97951;LaLiga;11;11;990;Si;0;0;;0,01804392;7,045454545;0;0;0;0;0;0;0;26
976374;LaLiga;26;26;1948;Si;9;1;8,5154;1,2943026;6,657692308;27;18;4;0;5;3;8;0
32048;LaLiga;13;1;238;No;3;0;3,7092;0,01281562;6,65;8;6;2;0;4;1;5;0
826013;LaLiga;7;0;96;No;0;0;0,1922;0,20759207;6,414285714;3;0;0;0;1;1;2;0
218616;LaLiga;10;4;473;No;0;0;1,3565;0,56702944;6,5;9;5;1;0;4;2;6;0
1482424;LaLiga;9;1;260;No;1;1;0,8949;0,41397394;6,844444444;8;3;3;0;5;0;5;0
991421;LaLiga;15;11;1032;Si;4;2;1,8214;2,6086296;7,266666667;33;12;6;0;15;13;28;0
35612;LaLiga;23;21;1822;Si;1;2;2,1934;0,69768874;6,8;18;4;1;1;27;22;49;0
361790;LaLiga;2;1;41;No;0;0;0,0884;0,07686925;6,6;2;1;0;0;0;0;0;0
191182;LaLiga;19;11;990;Si;2;1;1,8431;1,26043332;6,678947368;15;7;2;0;16;3;19;0
319735;LaLiga;23;22;1841;Si;5;4;4,9533;2,7204702;6,947826087;33;15;2;0;26;14;40;0
910026;LaLiga;23;17;1369;Si;0;3;1,7587;2,49157554;6,543478261;20;5;4;0;27;9;36;0
973699;LaLiga;27;22;1940;Si;0;1;0,7595;1,11450798;6,848148148;9;4;3;1;52;12;64;0
835484;LaLiga;19;14;1135;Si;1;0;0,5279;0,70314576;6,826315789;12;3;2;0;26;11;37;0
1860172;LaLiga;5;0;64;No;0;0;;0,00484921;6,36;0;0;0;1;0;1;1;0
1391616;LaLiga;24;11;1040;Si;2;1;2,3928;1,00205969;6,716666667;34;11;3;1;19;2;21;0
1485300;LaLiga;27;26;2328;Si;1;1;0,9123;0,34332117;6,848148148;12;2;5;1;32;20;52;0
44864;LaLiga;27;26;2303;Si;0;0;0,0937;1,059539;6,974074074;3;1;1;0;48;36;84;0
1084081;LaLiga;26;24;1943;Si;1;1;0,7875;1,26787927;6,834615385;11;1;6;0;52;31;83;0
294593;LaLiga;23;20;1871;Si;0;3;1,4368;1,61508749;6,647826087;14;4;4;0;24;20;44;0
1002347;LaLiga;17;6;632;No;0;1;0,4992;0,88401852;6,752941176;7;4;1;1;13;8;21;0
135116;LaLiga;4;2;203;No;0;0;0,572;0,01775983;6,466666667;1;1;0;0;2;0;2;0
1632454;LaLiga;26;16;1628;Si;1;1;0,8618;0,84561699;6,653846154;7;2;3;0;38;5;43;0
88625;LaLiga;2;2;180;No;0;0;;0,00033356;6,7;0;0;0;0;0;0;0;4
164343;LaLiga;26;26;2293;Si;0;0;;0,02289038;7,115384615;0;0;4;1;0;0;0;97
1521733;LaLiga;2;1;136;No;0;0;;0,0011606;7,1;0;0;0;0;0;0;0;4
900003;LaLiga;27;26;1932;Si;10;1;8,4248;2,24544957;6,985185185;44;21;3;0;23;5;28;0
981604;LaLiga;17;7;722;No;1;0;1,7207;0,16334538;6,45;14;6;1;0;4;1;5;0
1131581;LaLiga;6;5;326;No;0;0;0,9977;0,20234488;6,3;4;1;1;0;8;0;8;0
910024;LaLiga;14;4;469;No;0;0;0,9743;0,2877038;6,469230769;9;4;2;1;3;2;5;0
932764;LaLiga;8;0;106;No;0;0;0,2184;0,02397949;6,525;4;0;0;0;2;0;2;0
1089108;LaLiga;17;7;708;No;0;0;1,7689;0,82409451;6,623529412;20;6;3;0;23;2;25;0
913679;LaLiga;21;15;1449;Si;2;0;2,8361;0,28397788;6,961904762;15;7;5;2;41;22;63;0
899982;LaLiga;28;24;2038;Si;3;3;4,8777;3,63198982;6,742857143;42;13;9;0;28;3;31;0
345111;LaLiga;29;20;1899;Si;4;4;6,2193;4,37399441;6,744827586;44;17;3;0;26;13;39;0
900669;LaLiga;26;16;1398;Si;0;0;1,2023;0,82576118;6,515384615;32;5;2;0;29;3;32;0
21949;LaLiga;6;0;73;No;0;0;0,1663;0,32275288;6,583333333;1;1;2;0;3;0;3;0
588566;LaLiga;21;15;1223;Si;0;3;0,7345;1,21334026;6,76;17;4;4;1;22;16;38;0
966637;LaLiga;25;10;1106;Si;2;1;1,662;1,16866769;6,576;15;8;4;0;14;2;16;0
900008;LaLiga;25;19;1624;Si;1;0;1,0089;0,99110041;6,824;13;4;3;1;54;20;74;0
326471;LaLiga;21;10;793;No;0;1;0,2575;1,15085342;6,57;9;5;4;0;17;6;23;0
965031;LaLiga;26;25;2223;Si;0;3;1,9918;3,46809269;6,85;25;8;7;0;49;33;82;0
1458073;LaLiga;18;17;1423;Si;2;0;1,5789;0,06652732;6,711111111;11;3;4;2;19;17;36;0
88528;LaLiga;29;29;2601;Si;0;1;1,4436;0,29088804;6,986206897;39;12;4;0;52;35;87;0
850035;LaLiga;9;6;401;No;0;0;0,3808;0,01248245;6,611111111;3;1;1;0;10;5;15;0
152446;LaLiga;11;3;343;No;0;0;0,3289;0,24513486;6,72;2;0;2;0;8;4;12;0
542634;LaLiga;22;10;1055;Si;2;0;1,4849;1,81892751;6,755;15;7;2;0;34;11;45;0
1010421;LaLiga;25;23;2105;Si;1;2;0,4535;2,87881844;6,828;14;2;4;1;44;27;71;0
1120947;LaLiga;7;1;270;No;0;0;0,049;0,01803956;6,271428571;1;0;0;0;4;3;7;0
358910;LaLiga;29;29;2610;Si;0;0;;0,09550506;6,968965517;0;0;4;0;1;0;1;78
175753;LaLiga;10;3;295;No;0;0;0,2366;0,19745068;6,36;6;3;1;0;4;0;4;0
814385;LaLiga;23;19;1758;Si;9;1;7,9611;1,60727583;6,769565217;54;18;2;1;32;7;39;0
831253;LaLiga;28;23;1955;Si;7;3;6,8277;1,34132889;6,921428571;65;22;1;0;24;4;28;0
1084043;LaLiga;1;0;45;No;0;0;0,1104;0,00362714;6,6;2;1;0;0;2;0;2;0
1403364;LaLiga;21;11;1168;Si;0;1;0,7757;1,95299862;6,668421053;10;2;5;0;14;10;24;0
855832;LaLiga;27;27;2321;Si;1;1;0,7737;1,09024383;6,87037037;29;11;6;0;74;44;118;0
794937;LaLiga;29;22;1814;Si;0;4;2,5524;2,8951177;6,568965517;26;5;4;0;35;10;45;0
1082968;LaLiga;22;8;879;No;1;1;2,0517;1,97643513;6,719047619;27;9;4;0;26;8;34;0
138383;LaLiga;22;11;1077;Si;1;1;0,8313;1,14723816;6,727272727;6;3;5;0;19;6;25;0
1046796;LaLiga;17;13;731;No;0;0;0,1321;0,40224848;6,682352941;5;1;2;0;25;6;31;0
873717;LaLiga;9;3;255;No;0;0;0,2303;0,20638603;6,633333333;3;2;0;1;10;2;12;0
1084381;LaLiga;28;22;1756;Si;1;1;3,7571;1,10632238;6,703571429;39;11;5;0;38;15;53;0
788141;LaLiga;19;8;710;No;0;0;1,2063;0,19323076;6,447058824;8;2;1;0;14;4;18;0
891931;LaLiga;19;2;576;No;1;0;0,2031;0,24507181;6,647368421;4;1;2;1;12;7;19;0
879875;LaLiga;10;8;792;No;0;0;0,3487;0,06993259;6,62;8;4;3;0;13;7;20;0
896073;LaLiga;27;27;2429;Si;1;0;0,9519;0,37568369;6,755555556;16;4;2;0;45;33;78;0
235648;LaLiga;28;28;2458;Si;0;0;0,4534;1,55024025;6,721428571;7;2;5;0;57;35;92;0
934383;LaLiga;21;20;1725;Si;0;0;0,2983;0,30440386;6,771428571;4;1;4;1;36;11;47;0
999178;LaLiga;2;0;11;No;0;0;;;6,4;0;0;0;0;2;1;3;0
985726;LaLiga;21;16;1431;Si;0;3;0,517;1,34259585;6,45;6;1;6;1;21;6;27;0
1513222;LaLiga;7;5;493;No;1;1;0,6078;0,75664822;6,871428571;6;3;0;0;7;5;12;0
369004;LaLiga;29;29;2610;Si;0;0;;0,11385839;7,031034483;0;0;2;0;2;0;2;77
34120;LaLiga;21;10;1065;Si;3;1;2,5256;1,47340387;6,60952381;20;7;1;0;16;4;20;0
946381;LaLiga;24;16;1570;Si;7;3;8,583;0,42713408;6,658333333;51;26;1;0;5;0;5;0
875890;LaLiga;21;4;703;No;1;1;1,2959;0,63486904;6,80952381;17;2;0;0;13;4;17;0
268903;LaLiga;6;5;454;No;1;0;0,3922;0,08468909;6,683333333;4;1;1;0;2;1;3;0
1018190;LaLiga;21;12;1085;Si;4;0;4,4867;0,40941507;6,49047619;31;13;4;1;11;3;14;0
818986;LaLiga;21;19;1564;Si;0;1;0,4185;2,85790076;6,723809524;4;2;6;0;66;19;85;0
872919;LaLiga;15;12;994;Si;3;4;2,202;1,29448195;6,733333333;24;6;1;0;10;6;16;0
799054;LaLiga;25;22;1735;Si;5;1;1,7045;1,21364658;6,808;17;8;3;0;32;18;50;0
960006;LaLiga;26;24;2063;Si;1;2;0,7634;1,37091496;6,784615385;12;2;10;0;44;34;78;0
68332;LaLiga;25;20;1860;Si;1;0;0,6924;0,32621924;6,688;18;5;7;0;30;19;49;0
328145;LaLiga;12;2;320;No;0;0;0,2532;0,89250676;6,7;7;0;1;0;6;1;7;0
859021;LaLiga;23;18;1524;Si;1;0;1,1401;0,47792973;6,713636364;17;5;6;0;33;15;48;0
1010655;LaLiga;24;20;1660;Si;0;3;0,703;2,31349957;6,541666667;12;1;2;1;49;9;58;0
997033;LaLiga;21;11;894;No;2;1;0,9674;0,71755742;6,8;14;6;7;0;10;1;11;0
591750;LaLiga;3;0;22;No;0;0;;0,00520519;6,35;0;0;1;1;0;0;0;0
1534422;LaLiga;12;7;797;No;1;3;0,9417;0,98724371;6,808333333;10;4;1;0;15;3;18;0
1142094;LaLiga;5;0;100;No;0;0;0,0321;0,18791161;6,66;1;0;0;0;2;0;2;0
21555;LaLiga;15;15;1038;Si;0;1;0,0096;0,54362024;6,9;1;0;4;0;25;22;47;0
1003007;LaLiga;11;7;610;No;0;0;0,249;0,03484341;6,590909091;6;0;5;0;14;4;18;0
840951;LaLiga;13;11;943;Si;0;0;0,7073;0,07020195;6,646153846;10;2;2;1;13;5;18;0
1015240;LaLiga;27;22;2000;Si;1;3;0,6151;1,17146258;6,666666667;17;3;9;0;52;31;83;0
1097719;LaLiga;17;15;1398;Si;1;0;0,8739;0,30936146;7,041176471;11;6;0;0;36;29;65;0
941464;LaLiga;1;0;9;No;0;0;;0,0006656;6,7;0;0;0;0;0;0;0;0
252815;LaLiga;4;4;298;No;0;0;;0,00772347;6,625;0;0;0;0;5;3;8;0
1428699;LaLiga;11;7;686;No;0;0;0,2147;0,09617501;6,945454545;4;1;3;0;17;11;28;0
138149;LaLiga;25;25;2250;Si;0;0;;0,02724242;6,996;0;0;2;0;0;1;1;73
22209;LaLiga;4;4;360;No;0;0;;0,00475282;6,65;0;0;1;0;0;0;0;9
1154587;LaLiga;25;18;1617;Si;5;4;6,881;2,18677149;6,928;57;18;0;0;14;2;16;0
190159;LaLiga;22;15;1297;Si;7;0;7,3286;0,99053018;6,823809524;39;19;2;0;7;2;9;0
825754;LaLiga;24;18;1613;Si;8;0;7,3747;1,10455888;6,704166667;61;31;3;0;12;5;17;0
1518971;LaLiga;7;0;106;No;1;0;0,3025;0,44767474;6,86;5;2;0;0;4;1;5;0
605374;LaLiga;4;4;316;No;1;0;0,4375;0,34116593;6,75;4;1;1;0;6;3;9;0
1126447;LaLiga;6;4;339;No;0;0;0,5449;0,3254442;6,65;9;3;1;0;6;1;7;0
1117026;LaLiga;10;1;204;No;0;0;0,068;0,04596852;6,6;1;0;0;1;6;4;10;0
848512;LaLiga;17;11;765;No;1;0;1,0098;0,55754134;6,552941176;14;2;2;0;12;4;16;0
286167;LaLiga;28;28;2488;Si;2;1;1,9108;2,48817891;7,196428571;20;8;7;0;56;21;77;0
914765;LaLiga;3;0;59;No;0;0;;0,03525782;6,533333333;0;0;1;0;1;0;1;0
962710;LaLiga;28;26;2228;Si;4;4;2,4001;4,04695851;6,960714286;23;8;3;0;44;14;58;0
1100646;LaLiga;22;13;1181;Si;2;5;0,8371;2,32923795;6,813636364;12;4;2;0;15;2;17;0
1014595;LaLiga;28;23;1950;Si;1;1;0,108;0,46071836;6,814285714;2;1;2;0;40;37;77;0
1092515;LaLiga;8;3;277;No;0;0;0,117;0,2069691;6,45;2;0;1;1;2;1;3;0
808955;LaLiga;15;4;495;No;0;2;0,259;1,87528564;6,735714286;3;1;2;0;7;3;10;0
1402908;LaLiga;9;5;328;No;1;2;0,5487;0,17712844;6,722222222;10;4;0;0;8;5;13;0
988672;LaLiga;27;24;2175;Si;0;0;0,4865;0,57341789;6,8;8;2;6;1;58;40;98;0
1542721;LaLiga;4;2;116;No;0;0;0,0964;0,0182971;6,5;1;0;0;0;8;3;11;0
928672;LaLiga;20;6;830;No;1;1;0,3536;1,5576306;6,521052632;9;2;4;0;30;10;40;0
855831;LaLiga;23;19;1794;Si;0;0;0,3542;0,57179534;6,852173913;6;2;6;1;54;19;73;0
141832;LaLiga;21;19;1571;Si;0;2;0,6052;1,11316294;6,89047619;8;2;3;0;30;24;54;0
827504;LaLiga;26;14;1287;Si;0;0;0,5055;0,25585083;6,632;7;0;2;0;32;11;43;0
1094758;LaLiga;14;5;465;No;1;0;0,3822;0,06927444;6,569230769;5;2;2;0;11;4;15;0
794949;LaLiga;16;16;1440;Si;0;0;;0,19362111;7,19375;0;0;0;0;0;0;0;55
556884;LaLiga;13;13;1170;Si;0;0;;0,07365291;7,430769231;0;0;1;0;0;0;0;37
310874;LaLiga;28;27;2324;Si;18;1;14,42;0,83202977;7,092857143;87;38;3;1;6;2;8;0
1000150;LaLiga;4;1;148;No;0;1;0,081;0,06909674;6,625;3;3;1;0;0;0;0;0
1170693;LaLiga;28;19;1690;Si;2;2;5,0949;0,83881163;6,65;33;14;2;0;28;12;40;0
146852;LaLiga;10;0;98;No;0;0;0,7554;0,11396938;6,514285714;3;1;0;0;0;0;0;0
1082981;LaLiga;26;11;1007;Si;3;2;0,8658;1,95780011;6,734615385;12;7;3;0;11;7;18;0
1939173;LaLiga;22;17;1462;Si;0;4;1,7723;1,98251819;6,55;26;11;0;1;12;5;17;0
309546;LaLiga;15;6;501;No;1;0;1,1087;0,82372094;6,526666667;9;2;2;0;5;1;6;0
988351;LaLiga;26;23;2051;Si;5;0;2,3059;0,8399989;6,919230769;25;11;9;0;47;20;67;0
110783;LaLiga;29;21;1923;Si;1;4;1,8943;3,61293892;6,84137931;29;9;3;0;17;18;35;0
255999;LaLiga;22;18;1576;Si;1;2;0,1355;0,26707073;6,781818182;3;2;4;0;36;27;63;0
826004;LaLiga;23;14;1145;Si;1;0;0,6564;0,89855294;6,743478261;6;2;2;1;40;11;51;0
1484974;LaLiga;2;0;46;No;0;0;;0,00870359;6,45;0;0;0;0;0;0;0;0
1162309;LaLiga;14;1;200;No;0;0;0,3075;0,13913213;6,483333333;4;1;0;0;4;0;4;0
1905699;LaLiga;2;0;16;No;0;0;;0,02471319;6,75;0;0;0;0;0;0;0;0
344847;LaLiga;28;23;2144;Si;0;3;0,4042;2,42410451;6,696428571;13;2;5;0;44;16;60;0
788216;LaLiga;23;22;1966;Si;1;0;0,2244;1,08527138;6,956521739;5;1;8;0;51;26;77;0
893642;LaLiga;7;5;420;No;0;0;0,0986;0,03476985;6,6;3;0;1;0;3;2;5;0
807116;LaLiga;23;23;2033;Si;0;1;0,5448;0,57097538;6,947826087;12;1;4;0;25;16;41;0
300522;LaLiga;29;29;2610;Si;0;0;0,7434;0,26602328;6,613793103;14;7;4;0;32;15;47;0
879543;LaLiga;16;8;654;No;1;0;0,3014;0,30805831;6,50625;4;2;2;0;18;6;24;0
828239;LaLiga;9;6;475;No;0;1;;0,43812877;6,4625;0;0;3;0;8;5;13;0
1513896;LaLiga;6;5;459;No;0;0;0,2953;0,05033043;6,566666667;3;0;1;0;5;4;9;0
996903;LaLiga;5;5;450;No;0;0;;0,01640362;7,06;0;0;1;0;0;0;0;15
1131909;LaLiga;24;24;2160;Si;0;0;;0,06673405;6,983333333;0;0;3;0;1;1;2;81
1393673;LaLiga;26;18;1609;Si;6;4;7,3069;1,5639605;6,692307692;41;17;2;0;27;4;31;0
344129;LaLiga;19;1;359;No;1;1;2,0972;0,50979268;6,678947368;9;4;1;0;9;3;12;0
1014042;LaLiga;25;23;1851;Si;5;1;6,4965;1,69077687;6,916;49;13;3;0;26;8;34;0
1649918;LaLiga;16;4;571;No;7;0;2,8755;0,09090605;6,9;22;13;1;0;7;3;10;0
1649919;LaLiga;13;11;805;No;0;1;0,4321;0,28779006;6,508333333;11;1;3;0;19;9;28;0
1869106;LaLiga;11;3;416;No;0;0;0,4881;0,47144871;6,56;11;4;2;0;1;2;3;0
1083832;LaLiga;20;12;1167;Si;1;1;0,3415;0,42441868;6,805;9;3;4;1;27;11;38;0
1010656;LaLiga;26;22;1805;Si;3;1;2,6252;3,84894548;6,830769231;27;10;3;0;22;13;35;0
859769;LaLiga;17;12;1133;Si;0;0;0,3872;0,3981305;6,641176471;6;1;3;0;18;8;26;0
1160250;LaLiga;3;0;36;No;0;0;;0,00329054;6,5;0;0;0;0;1;0;1;0
992331;LaLiga;17;8;651;No;3;1;1,694;0,69208989;6,717647059;13;4;1;0;8;9;17;0
1170694;LaLiga;8;5;434;No;0;0;0,0248;0,04351974;6,85;1;0;0;0;12;6;18;0
1010383;LaLiga;24;9;989;Si;1;2;1,1798;1,49495329;6,7375;17;6;3;1;19;10;29;0
927066;LaLiga;18;13;1204;Si;1;2;1,7284;2,18645636;6,822222222;23;4;2;0;12;16;28;0
966802;LaLiga;16;11;818;No;0;0;;1,53268889;6,69375;0;0;3;1;22;6;28;0
909554;LaLiga;15;10;900;No;0;1;2,2102;0,65580141;6,346666667;18;5;1;0;10;4;14;0
952222;LaLiga;15;8;703;No;0;1;0,8704;0,87743694;6,7;12;4;0;0;11;9;20;0
1177401;LaLiga;15;9;797;No;1;0;0,5755;0,14009126;6,453333333;7;1;0;1;20;6;26;0
1496360;LaLiga;19;18;1501;Si;0;0;0,7475;0,40193175;6,9;7;0;5;0;23;25;48;0
984789;LaLiga;25;24;2177;Si;1;1;0,7212;0,8512643;6,524;10;3;7;0;68;29;97;0
997244;LaLiga;25;22;2004;Si;2;1;2,0504;1,15145701;6,876;26;5;5;0;26;37;63;0
149606;LaLiga;28;28;2430;Si;1;3;0,9674;3,34276482;6,560714286;9;1;7;0;53;23;76;0
813574;LaLiga;12;11;958;Si;1;0;0,668;0,35103357;6,683333333;3;1;2;0;8;3;11;0
855837;LaLiga;6;4;367;No;0;0;0,2084;0,17413368;6,433333333;3;0;2;0;8;4;12;0
134029;LaLiga;27;27;2430;Si;0;0;0,1622;0,06303065;7,322222222;2;0;2;0;2;1;3;100
1085579;LaLiga;2;2;180;No;0;0;;0,00291822;7,75;0;0;0;0;0;0;0;11
976104;LaLiga;25;20;1795;Si;6;1;6,7912;1,70506378;6,92;41;18;2;3;39;11;50;0
1018547;LaLiga;5;0;54;No;0;0;0,3984;0,01042444;6,575;3;1;1;0;2;0;2;0
1086128;LaLiga;15;2;311;No;0;1;1,2118;0,04378832;6,464285714;8;2;0;0;1;1;2;0
17651;LaLiga;20;4;622;No;0;1;0,2638;1,49492547;6,778947368;6;0;1;1;11;1;12;0
942836;LaLiga;28;17;1596;Si;0;3;1,5087;2,89569833;6,846428571;30;7;1;0;30;6;36;0
905639;LaLiga;20;16;1320;Si;0;0;0,3251;0,18218479;6,61;8;2;3;0;28;12;40;0
1008037;LaLiga;27;22;1764;Si;4;1;5,1168;1,04978619;6,548148148;54;23;1;1;39;5;44;0
190405;LaLiga;19;15;1339;Si;1;0;0,8047;0,46455553;6,761111111;9;4;2;0;36;12;48;0
1201412;LaLiga;8;3;326;No;0;3;0,3365;1,45319182;6,6125;6;2;2;0;5;3;8;0
885664;LaLiga;18;8;729;No;1;0;0,6924;0,51986415;6,444444444;9;5;2;1;10;5;15;0
944629;LaLiga;12;5;510;No;0;0;0,2341;0,24016389;6,683333333;5;1;3;0;26;10;36;0
822379;LaLiga;24;18;1635;Si;0;1;0,5038;1,50933639;6,782608696;12;2;6;0;35;14;49;0
882475;LaLiga;28;22;1729;Si;3;0;2,5176;1,54709097;6,660714286;16;7;4;1;30;10;40;0
845025;LaLiga;7;2;177;No;0;0;0,1386;0,39773399;6,657142857;3;1;1;0;4;2;6;0
1587199;LaLiga;5;0;81;No;0;0;0,0352;0,00134307;6,36;2;0;0;0;1;0;1;0
606346;LaLiga;9;9;774;No;1;0;0,2877;0,19435443;6,922222222;4;1;2;0;5;10;15;0
1120504;LaLiga;20;15;1439;Si;0;0;0,0414;0,80807909;6,647368421;2;0;1;0;31;24;55;0
892235;LaLiga;21;19;1722;Si;1;0;0,9059;0,47294114;6,79047619;10;3;6;1;32;21;53;0
945404;LaLiga;17;14;1190;Si;0;1;0,1381;0,78363898;6,588235294;5;0;2;0;34;14;48;0
844752;LaLiga;20;19;1585;Si;0;0;1,2285;0,56153775;6,66;9;3;4;0;37;21;58;0
345333;LaLiga;19;18;1621;Si;1;0;0,6826;0,1731735;6,831578947;2;1;2;0;24;23;47;0
560756;LaLiga;13;10;987;Si;0;0;;0,15477147;6,907692308;0;0;3;0;14;6;20;0
597876;LaLiga;15;10;968;Si;0;1;0,9216;1,0862571;6,746666667;8;2;2;0;44;15;59;0
368922;LaLiga;29;29;2610;Si;0;0;;0,08495638;7,237931034;0;0;2;0;0;0;0;127
