player_id;name;league;position;market_value;valor_mercado
41789;Robert Lewandowski;LaLiga;Delantero;8400000;8,4
855833;Ferran Torres;LaLiga;Delantero;54000000;54
1162107;Roony Bardghji;LaLiga;Delantero;15500000;15,5
1402912;Lamine Yamal;LaLiga;Mediocentro;215000000;215
831005;Raphinha;LaLiga;Mediocentro;72000000;72
992587;Pedri;LaLiga;Mediocentro;153000000;153
814590;Marcus Rashford;LaLiga;Mediocentro;38000000;38
1103693;Pablo Gavi;LaLiga;Mediocentro;31000000;31
795222;Frenkie de Jong;LaLiga;Mediocentro;42000000;42
789071;Dani Olmo;LaLiga;Mediocentro;58000000;58
1153270;Fermín López;LaLiga;Mediocentro;103000000;103
1526618;Marc Bernal;LaLiga;Mediocentro;29000000;29
1000483;Marc Casadó;LaLiga;Mediocentro;24000000;24
1939137;Tomás Marqués;LaLiga;Mediocentro;1000000;1
1402913;Pau Cubarsí;LaLiga;Defensa;75000000;75
827212;Jules Koundé;LaLiga;Defensa;69000000;69
997035;Alejandro Balde;LaLiga;Defensa;66000000;66
925097;Ronald Araújo;LaLiga;Defensa;27000000;27
138892;João Cancelo;LaLiga;Defensa;10700000;10,7
186795;Andreas Christensen;LaLiga;Defensa;9600000;9,6
876214;Eric García;LaLiga;Defensa;29000000;29
1094827;Gerard Martín;LaLiga;Defensa;18200000;18,2
1546073;Xavi Espart;LaLiga;Defensa;320000;0,32
1464652;Álvaro Cortés;LaLiga;Defensa;270000;0,27
930267;Joan García;LaLiga;Portero;31000000;31
50490;Wojciech Szczęsny;LaLiga;Portero;820000;0,82
1402907;Diego Kochen;LaLiga;Portero;455000;0,455
826643;Kylian Mbappé;LaLiga;Delantero;212000000;212
868812;Vinicius Júnior;LaLiga;Delantero;156000000;156
910536;Rodrygo;LaLiga;Delantero;53000000;53
1403559;Franco Mastantuono;LaLiga;Delantero;44000000;44
1402716;Gonzalo García;LaLiga;Delantero;31000000;31
991011;Jude Bellingham;LaLiga;Mediocentro;132000000;132
831808;Federico Valverde;LaLiga;Mediocentro;116000000;116
1091116;Arda Güler;LaLiga;Mediocentro;87000000;87
835485;Brahim Díaz;LaLiga;Mediocentro;37000000;37
973887;Eduardo Camavinga;LaLiga;Mediocentro;48000000;48
859025;Aurélien Tchouaméni;LaLiga;Mediocentro;78000000;78
547838;Dani Ceballos;LaLiga;Mediocentro;8400000;8,4
2237795;Thiago Pitarch;LaLiga;Mediocentro;18200000;18,2
795064;Trent Alexander-Arnold;LaLiga;Defensa;67000000;67
142622;Antonio Rüdiger;LaLiga;Defensa;9300000;9,3
1176744;Dean Huijsen;LaLiga;Defensa;71000000;71
822519;Éder Militão;LaLiga;Defensa;26000000;26
138572;Daniel Carvajal;LaLiga;Defensa;5800000;5,8
1156645;Raúl Asencio;LaLiga;Defensa;23000000;23
66492;David Alaba;LaLiga;Defensa;3200000;3,2
1085081;Álvaro Carreras;LaLiga;Defensa;64000000;64
792073;Ferland Mendy;LaLiga;Defensa;6400000;6,4
851271;Fran García;LaLiga;Defensa;11100000;11,1
70988;Thibaut Courtois;LaLiga;Portero;17400000;17,4
857574;Andriy Lunin;LaLiga;Portero;14100000;14,1
1009372;Georges Mikautadze;LaLiga;Delantero;30000000;30
593526;Nicolas Pépé;LaLiga;Delantero;6600000;6,6
146866;Gerard Moreno;LaLiga;Delantero;2700000;2,7
345195;Ayoze Pérez;LaLiga;Delantero;6400000;6,4
1172477;Tani Oluwaseyi;LaLiga;Delantero;8600000;8,6
1468090;Alfon González;LaLiga;Delantero;3300000;3,3
1863206;Pau Cabanes;LaLiga;Delantero;775000;0,775
316148;Thomas Partey;LaLiga;Mediocentro;4800000;4,8
879694;Pape Gueye;LaLiga;Mediocentro;19400000;19,4
973290;Tajon Buchanan;LaLiga;Mediocentro;10800000;10,8
1012444;Alberto Moleiro;LaLiga;Mediocentro;33000000;33
39182;Dani Parejo;LaLiga;Mediocentro;1200000;1,2
843678;Santi Comesaña;LaLiga;Mediocentro;8400000;8,4
1087359;Renato Veiga;LaLiga;Defensa;24000000;24
873189;Juan Foyth;LaLiga;Defensa;16100000;16,1
1468046;Santiago Mouriño;LaLiga;Defensa;9700000;9,7
984623;Rafa Marín;LaLiga;Defensa;11600000;11,6
1136721;Willy Kambwala;LaLiga;Defensa;4099999;4,099999
986245;Sergi Cardona;LaLiga;Defensa;9500000;9,5
1184541;Alexander Freeman;LaLiga;Defensa;3200000;3,2
911853;Logan Costa;LaLiga;Defensa;17500000;17,5
797290;Alfonso Pedraza;LaLiga;Defensa;2400000;2,4
1525863;Pau Navarro;LaLiga;Defensa;9700000;9,7
908714;Arnau Tenas;LaLiga;Portero;4400000;4,4
1066603;Luiz Júnior;LaLiga;Portero;12400000;12,4
951008;Diego Conde;LaLiga;Portero;4300000;4,3
944656;Julián Alvarez;LaLiga;Delantero;97000000;97
85859;Antoine Griezmann;LaLiga;Delantero;9500000;9,5
824200;Ademola Lookman;LaLiga;Delantero;38000000;38
309078;Alexander Sørloth;LaLiga;Delantero;21000000;21
944660;Thiago Almada;LaLiga;Mediocentro;21000000;21
901325;Nicolás González;LaLiga;Mediocentro;25000000;25
1099352;Giuliano Simeone;LaLiga;Mediocentro;44000000;44
910031;Alejandro Baena;LaLiga;Mediocentro;59000000;59
990169;Johnny Cardoso;LaLiga;Mediocentro;21000000;21
1142588;Pablo Barrios;LaLiga;Mediocentro;66000000;66
84539;Koke;LaLiga;Mediocentro;6400000;6,4
1119345;Obed Vargas;LaLiga;Mediocentro;7400000;7,4
1391752;Rodrigo Mendoza;LaLiga;Mediocentro;21000000;21
831799;Nahuel Molina;LaLiga;Defensa;14600000;14,6
353138;Marcos Llorente;LaLiga;Defensa;23000000;23
580550;Clément Lenglet;LaLiga;Defensa;6200000;6,2
787751;Robin Le Normand;LaLiga;Defensa;29000000;29
325355;José María Giménez;LaLiga;Defensa;13400000;13,4
807771;Dávid Hancko;LaLiga;Defensa;31000000;31
1094106;Marc Pubill;LaLiga;Defensa;27000000;27
965011;Matteo Ruggeri;LaLiga;Defensa;14600000;14,6
1402990;Julio Díaz;LaLiga;Defensa;540000;0,54
69768;Jan Oblak;LaLiga;Portero;18100000;18,1
263651;Juan Musso;LaLiga;Portero;3200000;3,2
1034421;Mario de Luis;LaLiga;Portero;415000;0,415
1179149;Salvi Esquivel;LaLiga;Portero;290000;0,29
115665;Cédric Bakambu;LaLiga;Delantero;1400000;1,4
887055;Cucho Hernández;LaLiga;Delantero;16500000;16,5
789381;Chimy Ávila;LaLiga;Delantero;1500000;1,5
958380;Antony;LaLiga;Mediocentro;27000000;27
1011375;Abdessamad Ezzalzouli;LaLiga;Mediocentro;21000000;21
359272;Sofyan Amrabat;LaLiga;Mediocentro;11600000;11,6
103417;Isco;LaLiga;Mediocentro;4099999;4,099999
798835;Giovani Lo Celso;LaLiga;Mediocentro;14600000;14,6
1129401;Nelson Deossa;LaLiga;Mediocentro;9800000;9,8
989113;Rodrigo Riquelme;LaLiga;Mediocentro;8600000;8,6
838629;Álvaro Fidalgo;LaLiga;Mediocentro;9300000;9,3
816763;Pablo Fornals;LaLiga;Mediocentro;8400000;8,4
1893910;Pablo García;LaLiga;Mediocentro;8199999;8,199999
847128;Marc Roca;LaLiga;Mediocentro;4200000;4,2
1137814;Sergi Altimira;LaLiga;Mediocentro;19300000;19,3
188365;Héctor Bellerín;LaLiga;Defensa;2600000;2,6
1015287;Natan;LaLiga;Defensa;21000000;21
914835;Junior Firpo;LaLiga;Defensa;5800000;5,8
1186010;Valentín Gómez;LaLiga;Defensa;11200000;11,2
99519;Marc Bartra;LaLiga;Defensa;1000000;1
67769;Ricardo Rodríguez;LaLiga;Defensa;1600000;1,6
305278;Diego Llorente;LaLiga;Defensa;3100000;3,1
893062;Aitor Ruibal;LaLiga;Defensa;3400000;3,4
1152139;Angel Ortiz;LaLiga;Defensa;4400000;4,4
50539;Adrián;LaLiga;Portero;415000;0,415
548848;Pau López;LaLiga;Portero;2700000;2,7
964983;Álvaro Valles;LaLiga;Portero;2300000;2,3
19356;Iago Aspas;LaLiga;Delantero;1700000;1,7
785989;Borja Iglesias;LaLiga;Delantero;3100000;3,1
949962;Ferran Jutglà;LaLiga;Delantero;7500000;7,5
1173575;Jones El-Abdellaoui;LaLiga;Delantero;8400000;8,4
1398524;Pablo Durán;LaLiga;Delantero;4099999;4,099999
962890;Ilaix Moriba;LaLiga;Mediocentro;9200000;9,2
1126779;Williot Swedberg;LaLiga;Mediocentro;14000000;14
859773;Óscar Mingueza;LaLiga;Mediocentro;18700000;18,7
158615;Matías Vecino;LaLiga;Mediocentro;1600000;1,6
1526628;Fer López;LaLiga;Mediocentro;17500000;17,5
557008;Franco Cervi;LaLiga;Mediocentro;680000;0,68
1154935;Hugo Álvarez;LaLiga;Mediocentro;7800000;7,8
1120669;Hugo Sotelo;LaLiga;Mediocentro;7200000;7,2
1002764;Sergio Carreira;LaLiga;Mediocentro;5700000;5,7
1398526;Miguel Román;LaLiga;Mediocentro;14400000;14,4
1916256;Andrés Antañón;LaLiga;Mediocentro;320000;0,32
69408;Marcos Alonso;LaLiga;Defensa;1500000;1,5
796320;Joseph Aidoo;LaLiga;Defensa;930000;0,93
360718;Carl Starfelt;LaLiga;Defensa;4500000;4,5
1526627;Javi Rodríguez;LaLiga;Defensa;14600000;14,6
363774;Mihailo Ristić;LaLiga;Defensa;775000;0,775
1012410;Alvaro Núñez;LaLiga;Defensa;5800000;5,8
1008259;Javier Rueda;LaLiga;Defensa;3100000;3,1
1069703;Carlos Domínguez;LaLiga;Defensa;2900000;2,9
1145100;Yoel Lago;LaLiga;Defensa;2300000;2,3
1630975;Manu Fernández;LaLiga;Defensa;1400000;1,4
815202;Ionuț Radu;LaLiga;Portero;4900000;4,9
848980;Iván Villar;LaLiga;Portero;960000;0,96
905443;Marc Vidal;LaLiga;Portero;310000;0,31
823622;Mikel Oyarzabal;LaLiga;Delantero;27000000;27
1026015;Orri Steinn Óskarsson;LaLiga;Delantero;12500000;12,5
966862;Ander Barrenetxea;LaLiga;Delantero;19100000;19,1
1099175;Jon Karrikaburu;LaLiga;Delantero;1800000;1,8
880218;Takefusa Kubo;LaLiga;Mediocentro;31000000;31
1211632;Wesley;LaLiga;Mediocentro;5200000;5,2
949156;Luka Sučić;LaLiga;Mediocentro;10900000;10,9
1066045;Arsen Zakharyan;LaLiga;Mediocentro;7300000;7,3
855835;Sergio Gómez;LaLiga;Mediocentro;14600000;14,6
839585;Yangel Herrera;LaLiga;Mediocentro;8400000;8,4
832427;Carlos Soler;LaLiga;Mediocentro;7600000;7,6
280979;Gonçalo Guedes;LaLiga;Mediocentro;5700000;5,7
845385;Brais Méndez;LaLiga;Mediocentro;11600000;11,6
980410;Beñat Turrientes;LaLiga;Mediocentro;8500000;8,5
1216309;Jon Gorrotxategi;LaLiga;Mediocentro;27000000;27
1139409;Pablo Marín;LaLiga;Mediocentro;8400000;8,4
1116388;Jon Aramburu;LaLiga;Defensa;13900000;13,9
257091;Duje Ćaleta-Car;LaLiga;Defensa;3100000;3,1
353250;Álvaro Odriozola;LaLiga;Defensa;825000;0,825
1466116;Jon Martin;LaLiga;Defensa;19300000;19,3
838159;Igor Zubeldia;LaLiga;Defensa;9500000;9,5
966441;Aihen Muñoz;LaLiga;Defensa;3600000;3,6
785468;Aritz Elustondo;LaLiga;Defensa;1900000;1,9
791773;Álex Remiro;LaLiga;Portero;14900000;14,9
1094782;Unai Marrero;LaLiga;Portero;655000;0,655
973536;Martín Satriano;LaLiga;Delantero;6400000;6,4
604954;Borja Mayoral;LaLiga;Delantero;7800000;7,8
974713;Luis Vázquez;LaLiga;Delantero;2100000;2,1
831510;Veljko Birmančević;LaLiga;Delantero;4300000;4,3
1515554;Adrian Liso;LaLiga;Delantero;6200000;6,2
96369;Juanmi;LaLiga;Delantero;1100000;1,1
1154549;Mario Martín;LaLiga;Mediocentro;10700000;10,7
811629;Luis Milla;LaLiga;Mediocentro;3200000;3,2
385888;Mauro Arambarri;LaLiga;Mediocentro;10300000;10,3
1087476;Abu Kamara;LaLiga;Mediocentro;2900000;2,9
353154;Javier Muñoz;LaLiga;Mediocentro;1400000;1,4
1398518;Álex Sancris;LaLiga;Mediocentro;1900000;1,9
2439155;Adrián Riquelme;LaLiga;Mediocentro;52000;0,052
1101232;Abdelkabir Abqar;LaLiga;Defensa;5700000;5,7
307702;Djené;LaLiga;Defensa;1700000;1,7
1895964;Ismael Bekhoucha;LaLiga;Defensa;290000;0,29
1392092;Sebastián Boselli;LaLiga;Defensa;2900000;2,9
1108450;Zaid Romero;LaLiga;Defensa;2400000;2,4
350560;Diego Rico;LaLiga;Defensa;1200000;1,2
128637;Allan Nyom;LaLiga;Defensa;220000;0,22
576276;Domingos Duarte;LaLiga;Defensa;870000;0,87
949707;Juan Iglesias;LaLiga;Defensa;4800000;4,8
53739;Kiko Femenía;LaLiga;Defensa;840000;0,84
1918369;Davinchi;LaLiga;Defensa;910000;0,91
1895197;Jorge Montes;LaLiga;Defensa;45000;0,045
604258;David Soria;LaLiga;Portero;2900000;2,9
826047;Jiří Letáček;LaLiga;Portero;1900000;1,9
1513631;Jorge Benito;LaLiga;Portero;26000;0,026
1520799;Maroan Sannadi;LaLiga;Delantero;4700000;4,7
605672;Gorka Guruzeta;LaLiga;Delantero;4600000;4,6
1430667;Urko Izeta;LaLiga;Delantero;1600000;1,6
1085400;Nico Williams;LaLiga;Mediocentro;65000000;65
783374;Iñaki Williams;LaLiga;Mediocentro;9100000;9,1
966801;Oihan Sancet;LaLiga;Mediocentro;39000000;39
592012;Álex Berenguer;LaLiga;Mediocentro;5200000;5,2
1495844;Mikel Jauregizar;LaLiga;Mediocentro;36000000;36
96365;Iñigo Ruiz de Galarreta;LaLiga;Mediocentro;2300000;2,3
944165;Robert Navarro;LaLiga;Mediocentro;6500000;6,5
1391375;Unai Gómez;LaLiga;Mediocentro;5200000;5,2
1012409;Beñat Prados;LaLiga;Mediocentro;18500000;18,5
2110897;Alejandro Rego;LaLiga;Mediocentro;3300000;3,3
1953923;Selton Sanchez;LaLiga;Mediocentro;3100000;3,1
359742;Mikel Vesga;LaLiga;Mediocentro;1400000;1,4
1019318;Nico Serrano;LaLiga;Mediocentro;1600000;1,6
149734;Aymeric Laporte;LaLiga;Defensa;9400000;9,4
910978;Daniel Vivian;LaLiga;Defensa;27000000;27
1398511;Adama Boiro;LaLiga;Defensa;2800000;2,8
84531;Yuri Berchiche;LaLiga;Defensa;1100000;1,1
959872;Aitor Paredes;LaLiga;Defensa;17100000;17,1
807648;Yeray Álvarez;LaLiga;Defensa;1000000;1
910267;Jesús Areso;LaLiga;Defensa;11000000;11
866810;Andoni Gorosabel;LaLiga;Defensa;3900000;3,9
801837;Íñigo Lekue;LaLiga;Defensa;1100000;1,1
1391374;Unai Eguíluz;LaLiga;Defensa;620000;0,62
1934668;Iker Monreal Agundez;LaLiga;Defensa;110000;0,11
797291;Unai Simón;LaLiga;Portero;24000000;24
1155116;Alex Padilla;LaLiga;Portero;3100000;3,1
1145642;Victor Muñoz;LaLiga;Delantero;19400000;19,4
37318;Ante Budimir;LaLiga;Delantero;2800000;2,8
997280;Raúl García de Haro;LaLiga;Delantero;3100000;3,1
1086346;Iker Benito;LaLiga;Delantero;1600000;1,6
591132;Kike Barja;LaLiga;Delantero;1500000;1,5
980383;Raúl Moro;LaLiga;Mediocentro;6700000;6,7
985329;Aimar Oroz;LaLiga;Mediocentro;8199999;8,199999
260031;Rubén García;LaLiga;Mediocentro;1900000;1,9
976141;Jon Moncayola;LaLiga;Mediocentro;7300000;7,3
187313;Lucas Torró;LaLiga;Mediocentro;3100000;3,1
149370;Moi Gómez;LaLiga;Mediocentro;1900000;1,9
1119586;Iker Muñoz;LaLiga;Mediocentro;1800000;1,8
1399702;Asier Osambela;LaLiga;Mediocentro;1000000;1
1067582;Flavien Boyomo;LaLiga;Defensa;19400000;19,4
825133;Javi Galán;LaLiga;Defensa;3400000;3,4
900792;Alejandro Catena;LaLiga;Defensa;2900000;2,9
842419;Valentin Rosier;LaLiga;Defensa;3100000;3,1
1010165;Abel Bretones;LaLiga;Defensa;4400000;4,4
944225;Jorge Herrando;LaLiga;Defensa;3200000;3,2
897902;Juan Cruz;LaLiga;Defensa;1200000;1,2
1495856;Iñigo Arguibide;LaLiga;Defensa;530000;0,53
294377;Sergio Herrera;LaLiga;Portero;2800000;2,8
99516;Aitor Fernández;LaLiga;Portero;560000;0,56
877037;Cyril Ngonge;LaLiga;Delantero;7800000;7,8
84972;Kike García;LaLiga;Delantero;825000;0,825
758664;Charles Pickel;LaLiga;Mediocentro;2700000;2,7
891511;Javi Puado;LaLiga;Mediocentro;9300000;9,3
877262;Edu Expósito;LaLiga;Mediocentro;3600000;3,6
175185;Pere Milla;LaLiga;Mediocentro;1200000;1,2
1063015;Tyrhys Dolan;LaLiga;Mediocentro;10800000;10,8
826010;Pol Lozano;LaLiga;Mediocentro;5800000;5,8
1088565;Ramón Terrats;LaLiga;Mediocentro;3200000;3,2
1064009;Urko González;LaLiga;Mediocentro;4900000;4,9
1019236;Jofre Carreras;LaLiga;Mediocentro;2800000;2,8
1099344;Antoniu Roca;LaLiga;Mediocentro;1600000;1,6
1064026;Omar El Hilali;LaLiga;Defensa;15900000;15,9
1396048;Carlos Romero;LaLiga;Defensa;24000000;24
81992;Leandro Cabrera;LaLiga;Defensa;1000000;1
1129360;Clemens Riedel;LaLiga;Defensa;4800000;4,8
857205;Fernando Calero;LaLiga;Defensa;2100000;2,1
1068891;Jose Salinas;LaLiga;Defensa;2500000;2,5
934351;Miguel Rubio;LaLiga;Defensa;1900000;1,9
1021165;Rubén Sánchez;LaLiga;Defensa;1400000;1,4
1870032;Adama Timera;LaLiga;Defensa;23000;0,023
94527;Marko Dmitrović;LaLiga;Portero;740000;0,74
1082734;Angel Fortuno;LaLiga;Portero;290000;0,29
962624;Pol Tristan Jimenez;LaLiga;Portero;52000;0,052
962029;Lucas Beltrán;LaLiga;Delantero;8400000;8,4
827064;Arnaut Danjuma;LaLiga;Delantero;3800000;3,8
754710;Umar Sadiq;LaLiga;Delantero;3900000;3,9
909119;Hugo Duro;LaLiga;Delantero;11600000;11,6
909966;Largie Ramazani;LaLiga;Delantero;5600000;5,6
873947;Dani Raba;LaLiga;Delantero;2500000;2,5
609752;Guido Rodríguez;LaLiga;Mediocentro;6200000;6,2
1122610;Javier Guerra;LaLiga;Mediocentro;26000000;26
826948;Pepelu;LaLiga;Mediocentro;8199999;8,199999
998950;Diego López;LaLiga;Mediocentro;16000000;16
845693;André Almeida;LaLiga;Mediocentro;9300000;9,3
900433;Luis Rioja;LaLiga;Mediocentro;2100000;2,1
857482;Filip Ugrinić;LaLiga;Mediocentro;5700000;5,7
344751;Baptiste Santamaria;LaLiga;Mediocentro;4700000;4,7
797306;Mouctar Diakhaby;LaLiga;Defensa;2900000;2,9
227922;José Luis Gayà;LaLiga;Defensa;5400000;5,4
315916;Renzo Saravia;LaLiga;Defensa;1400000;1,4
892521;Unai Núñez;LaLiga;Defensa;3300000;3,3
996928;César Tárrega;LaLiga;Defensa;15500000;15,5
851282;Thierry Correia;LaLiga;Defensa;3100000;3,1
814023;Eray Cömert;LaLiga;Defensa;2200000;2,2
151138;Dimitri Foulquier;LaLiga;Defensa;1300000;1,3
996929;Jesús Vázquez;LaLiga;Defensa;3200000;3,2
913695;José Copete;LaLiga;Defensa;3600000;3,6
1614476;Alejandro Panach Olmo;LaLiga;Defensa;23000;0,023
1014412;Julen Agirrezabala;LaLiga;Portero;16300000;16,3
97951;Stole Dimitrievski;LaLiga;Portero;2100000;2,1
914744;Cristian Rivero;LaLiga;Portero;94000;0,094
1464650;Vicent Abril;LaLiga;Portero;205000;0,205
976374;Vladyslav Vanat;LaLiga;Delantero;13900000;13,9
32048;Cristhian Stuani;LaLiga;Delantero;835000;0,835
826013;Abel Ruíz;LaLiga;Delantero;2800000;2,8
218616;Portu;LaLiga;Delantero;1600000;1,6
1482424;Claudio Echeverri;LaLiga;Mediocentro;14300000;14,3
991421;Azzedine Ounahi;LaLiga;Mediocentro;10300000;10,3
35612;Axel Witsel;LaLiga;Mediocentro;1500000;1,5
361790;Donny van de Beek;LaLiga;Mediocentro;2100000;2,1
191182;Thomas Lemar;LaLiga;Mediocentro;2100000;2,1
319735;Viktor Tsygankov;LaLiga;Mediocentro;15700000;15,7
910026;Bryan Gil;LaLiga;Mediocentro;12400000;12,4
973699;Iván Martín;LaLiga;Mediocentro;5500000;5,5
835484;Fran Beltrán;LaLiga;Mediocentro;5200000;5,2
1860172;Lass Kourouma;LaLiga;Mediocentro;520000;0,52
1391616;Joel Roca;LaLiga;Mediocentro;5200000;5,2
1485300;Vitor Reis;LaLiga;Defensa;31000000;31
44864;Daley Blind;LaLiga;Defensa;1500000;1,5
1084081;Arnau Martínez;LaLiga;Defensa;10800000;10,8
294593;Álex Moreno;LaLiga;Defensa;3600000;3,6
1002347;Alejandro Francés;LaLiga;Defensa;2800000;2,8
135116;David López;LaLiga;Defensa;730000;0,73
1632454;Hugo Rincón;LaLiga;Defensa;3400000;3,4
88625;Marc-André Ter Stegen;LaLiga;Portero;7300000;7,3
164343;Paulo Gazzaniga;LaLiga;Portero;2100000;2,1
1521733;Vladyslav Krapyvtsov;LaLiga;Portero;440000;0,44
180515;Rubén Blanco;LaLiga;Portero;830000;0,83
83708;Juan Carlos;LaLiga;Portero;95000;0,095
900003;Jorge de Frutos;LaLiga;Delantero;10900000;10,9
981604;Alemão;LaLiga;Delantero;3800000;3,8
1131581;Carlos Martín;LaLiga;Delantero;2100000;2,1
910024;Sergio Camello;LaLiga;Delantero;2200000;2,2
932764;Randy Nteka;LaLiga;Delantero;1300000;1,3
1089108;Ilias Akhomach;LaLiga;Mediocentro;11100000;11,1
913679;Pathé Ismaël Ciss;LaLiga;Mediocentro;1800000;1,8
899982;Isi Palazón;LaLiga;Mediocentro;3300000;3,3
345111;Álvaro García;LaLiga;Mediocentro;1700000;1,7
900669;Pedro Díaz;LaLiga;Mediocentro;2900000;2,9
21949;Óscar Trejo;LaLiga;Mediocentro;390000;0,39
588566;Unai López;LaLiga;Mediocentro;2600000;2,6
966637;Fran Pérez;LaLiga;Mediocentro;2800000;2,8
900008;Óscar Valentín;LaLiga;Mediocentro;2100000;2,1
326471;Gerard Gumbau;LaLiga;Mediocentro;1400000;1,4
1392573;Diego Mendez;LaLiga;Mediocentro;54000;0,054
965031;Andrei Rațiu;LaLiga;Defensa;16700000;16,7
1458073;Nobel Mendy;LaLiga;Defensa;6200000;6,2
846147;Abdul Mumin;LaLiga;Defensa;4300000;4,3
88528;Florian Lejeune;LaLiga;Defensa;1900000;1,9
850035;Luiz Felipe;LaLiga;Defensa;3100000;3,1
152446;Iván Balliu;LaLiga;Defensa;1300000;1,3
542634;Alfonso Espino;LaLiga;Defensa;935000;0,935
1010421;Josep Chavarría;LaLiga;Defensa;9700000;9,7
1120947;Jozhua Vertrouwd;LaLiga;Defensa;2600000;2,6
358910;Augusto Batalla;LaLiga;Portero;5800000;5,8
965832;Dani Cárdenas;LaLiga;Portero;1700000;1,7
1165029;Juanpe;LaLiga;Portero;53000;0,053
175753;Mariano Díaz;LaLiga;Delantero;765000;0,765
814385;Lucas Boyé;LaLiga;Delantero;5300000;5,3
831253;Toni Martínez;LaLiga;Delantero;3400000;3,4
1084043;Ibrahim Diabaté;LaLiga;Delantero;1400000;1,4
1403364;Youssef Enriquez Lekhedim;LaLiga;Mediocentro;5300000;5,3
855832;Antonio Blanco;LaLiga;Mediocentro;9700000;9,7
794937;Carles Aleñá;LaLiga;Mediocentro;2800000;2,8
1082968;Abderrahman Rebbach;LaLiga;Mediocentro;1500000;1,5
138383;Denis Suárez;LaLiga;Mediocentro;1300000;1,3
1046796;Calebe Gonçalves;LaLiga;Mediocentro;1900000;1,9
873717;Carlos Benavídez;LaLiga;Mediocentro;960000;0,96
1084381;Pablo Ibáñez;LaLiga;Mediocentro;3100000;3,1
788141;Jon Guridi;LaLiga;Mediocentro;2400000;2,4
891931;Ander Guevara;LaLiga;Mediocentro;3200000;3,2
879875;Facundo Garcés;LaLiga;Defensa;1100000;1,1
896073;Nahuel Tenaglia;LaLiga;Defensa;3200000;3,2
235648;Jonny Otto;LaLiga;Defensa;2400000;2,4
934383;Jon Pacheco;LaLiga;Defensa;5200000;5,2
999178;Ville Koski;LaLiga;Defensa;1600000;1,6
985726;Victor Parada;LaLiga;Defensa;1900000;1,9
1513222;Ángel Pérez;LaLiga;Defensa;925000;0,925
369004;Antonio Sivera;LaLiga;Portero;5600000;5,6
31828;Raúl Fernández;LaLiga;Portero;195000;0,195
34120;Alexis Sánchez;LaLiga;Delantero;1500000;1,5
946381;Akor Adams;LaLiga;Delantero;6800000;6,8
875890;Chidera Ejuke;LaLiga;Delantero;3700000;3,7
268903;Neal Maupay;LaLiga;Delantero;4099999;4,099999
1018190;Isaac Romero;LaLiga;Delantero;6200000;6,2
818986;Gabriel Suazo;LaLiga;Mediocentro;7600000;7,6
872919;Ruben Vargas;LaLiga;Mediocentro;11100000;11,1
799054;Djibril Sow;LaLiga;Mediocentro;7100000;7,1
960006;Lucien Agoumé;LaLiga;Mediocentro;12400000;12,4
68332;Nemanja Gudelj;LaLiga;Mediocentro;2400000;2,4
328145;Adnan Januzaj;LaLiga;Mediocentro;1300000;1,3
859021;Batista Mendy;LaLiga;Mediocentro;9100000;9,1
1010655;Juanlu Sánchez;LaLiga;Mediocentro;14600000;14,6
997033;Peque Fernández;LaLiga;Mediocentro;3800000;3,8
591750;Joan Jordán;LaLiga;Mediocentro;1900000;1,9
1534422;Oso;LaLiga;Mediocentro;5200000;5,2
1142094;Manu Bueno;LaLiga;Mediocentro;1500000;1,5
21555;César Azpilicueta;LaLiga;Defensa;1100000;1,1
1003007;Tanguy Nianzou;LaLiga;Defensa;1400000;1,4
840951;Marcão;LaLiga;Defensa;2600000;2,6
1015240;José Ángel Carmona;LaLiga;Defensa;11100000;11,1
1097719;Kike Salas;LaLiga;Defensa;8800000;8,8
941464;Federico Gattoni;LaLiga;Defensa;900000;0,9
252815;Fábio Cardoso;LaLiga;Defensa;2400000;2,4
1428699;Andres Castrin;LaLiga;Defensa;1600000;1,6
138149;Odysseas Vlachodimos;LaLiga;Portero;4300000;4,3
22209;Ørjan Nyland;LaLiga;Portero;930000;0,93
1154587;Álvaro Rodriguez;LaLiga;Delantero;4600000;4,6
190159;André Silva;LaLiga;Delantero;2800000;2,8
825754;Rafa Mir;LaLiga;Delantero;4099999;4,099999
1518971;Adam Boayar;LaLiga;Delantero;825000;0,825
605374;Tete Morente;LaLiga;Delantero;1600000;1,6
1126447;Lucas Cepeda;LaLiga;Mediocentro;3600000;3,6
1117026;Federico Redondo;LaLiga;Mediocentro;3400000;3,4
848512;Grady Diangana;LaLiga;Mediocentro;3600000;3,6
286167;Aleix Febas;LaLiga;Mediocentro;4099999;4,099999
914765;Gonzalo Villar;LaLiga;Mediocentro;1700000;1,7
962710;Germán Valera;LaLiga;Mediocentro;5200000;5,2
1100646;Martim Neto;LaLiga;Mediocentro;4800000;4,8
1014595;Marc Aguado;LaLiga;Mediocentro;3200000;3,2
1092515;Yago Santiago;LaLiga;Mediocentro;855000;0,855
808955;Josan;LaLiga;Mediocentro;105000;0,105
1402908;Hector Fort;LaLiga;Defensa;11600000;11,6
988672;David Affengruber;LaLiga;Defensa;8100000;8,1
1542721;Buba Sangare;LaLiga;Defensa;970000;0,97
928672;Adrià Pedrosa;LaLiga;Defensa;3900000;3,9
855831;Víctor Chust;LaLiga;Defensa;4300000;4,3
141832;Pedro Bigas;LaLiga;Defensa;415000;0,415
827504;Léo Pétrot;LaLiga;Defensa;1400000;1,4
1094758;John Donald;LaLiga;Defensa;1000000;1
1979033;Bema Sina;LaLiga;Defensa;52000;0,052
1916211;Pablo Felipe;LaLiga;Defensa;54000;0,054
794949;Iñaki Peña;LaLiga;Portero;7300000;7,3
556884;Matías Dituro;LaLiga;Portero;205000;0,205
1019324;Alejandro Iturbe;LaLiga;Portero;1900000;1,9
310874;Vedat Muriqi;LaLiga;Delantero;4400000;4,4
1000150;Zito Luvumbo;LaLiga;Delantero;3600000;3,6
1170693;Mateo Joseph;LaLiga;Delantero;3700000;3,7
146852;Abdón Prats;LaLiga;Delantero;970000;0,97
1082981;Pablo Torre;LaLiga;Mediocentro;4900000;4,9
1939173;Jan Virgili;LaLiga;Mediocentro;13800000;13,8
309546;Takuma Asano;LaLiga;Mediocentro;1700000;1,7
988351;Samú Costa;LaLiga;Mediocentro;14600000;14,6
110783;Sergi Darder;LaLiga;Mediocentro;3300000;3,3
255999;Omar Mascarell;LaLiga;Mediocentro;835000;0,835
826004;Manu Morlanes;LaLiga;Mediocentro;2200000;2,2
1484974;Justin-Noel Kalumba;LaLiga;Mediocentro;775000;0,775
1162309;Javi Llabrés;LaLiga;Mediocentro;845000;0,845
1905699;Jan Salas;LaLiga;Mediocentro;485000;0,485
2415824;Jandro García;LaLiga;Mediocentro;24000;0,024
344847;Johan Mojica;LaLiga;Defensa;1700000;1,7
788216;Pablo Maffeo;LaLiga;Defensa;4800000;4,8
893642;Marash Kumbulla;LaLiga;Defensa;4600000;4,6
807116;Antonio Raíllo;LaLiga;Defensa;1600000;1,6
300522;Martin Valjent;LaLiga;Defensa;4700000;4,7
879543;Mateu Morey;LaLiga;Defensa;1500000;1,5
828239;Toni Lato;LaLiga;Defensa;1400000;1,4
1513896;David López;LaLiga;Defensa;1300000;1,3
996903;Lucas Bergström;LaLiga;Portero;1600000;1,6
1131909;Leo Román;LaLiga;Portero;5800000;5,8
19013;Iván Cuéllar;LaLiga;Portero;110000;0,11
1393673;Etta Eyong;LaLiga;Delantero;18700000;18,7
344129;José Luis Morales;LaLiga;Delantero;315000;0,315
1014042;Iván Romero;LaLiga;Delantero;6900000;6,9
1649918;Carlos Espí;LaLiga;Delantero;2700000;2,7
1649919;Kareem Tunde;LaLiga;Delantero;1100000;1,1
1869106;Paco Cortés;LaLiga;Delantero;960000;0,96
1083832;Kervin Arriaga;LaLiga;Mediocentro;1500000;1,5
1010656;Carlos Álvarez;LaLiga;Mediocentro;15500000;15,5
859769;Oriol Rey;LaLiga;Mediocentro;1900000;1,9
1160250;Tai Abed;LaLiga;Mediocentro;765000;0,765
992331;Iker Losada;LaLiga;Mediocentro;1500000;1,5
1170694;Ugo Raghouber;LaLiga;Mediocentro;2800000;2,8
1010383;Jon Ander Olasagasti;LaLiga;Mediocentro;1900000;1,9
927066;Pablo Martínez;LaLiga;Mediocentro;2100000;2,1
966802;Unai Vencedor;LaLiga;Mediocentro;1900000;1,9
909554;Roger Brugué;LaLiga;Mediocentro;1900000;1,9
952222;Víctor García;LaLiga;Mediocentro;970000;0,97
1177401;Alan Matturro;LaLiga;Defensa;4099999;4,099999
1496360;Matias Moreno;LaLiga;Defensa;3900000;3,9
984789;Manuel Sánchez;LaLiga;Defensa;6400000;6,4
997244;Adrián de la Fuente;LaLiga;Defensa;2100000;2,1
149606;Jeremy Toljan;LaLiga;Defensa;2100000;2,1
813574;Unai Elgezabal;LaLiga;Defensa;580000;0,58
855837;Diego Pampín;LaLiga;Defensa;1300000;1,3
134029;Mathew Ryan;LaLiga;Portero;1900000;1,9
1085579;Pablo Cuñat;LaLiga;Portero;1600000;1,6
1215079;Alejandro Primo;LaLiga;Portero;110000;0,11
976104;Federico Viñas;LaLiga;Delantero;3600000;3,6
1018547;Thiago Borbas;LaLiga;Delantero;3800000;3,8
1086128;Álex Forés;LaLiga;Delantero;720000;0,72
17651;Santi Cazorla;LaLiga;Mediocentro;195000;0,195
942836;Haissem Hassan;LaLiga;Mediocentro;5200000;5,2
905639;Kwasi Sibo;LaLiga;Mediocentro;1500000;1,5
1008037;Ilyas Chaira;LaLiga;Mediocentro;3800000;3,8
190405;Leander Dendoncker;LaLiga;Mediocentro;3700000;3,7
1201412;Thiago Fernández;LaLiga;Mediocentro;4700000;4,7
885664;Luka Ilić;LaLiga;Mediocentro;2100000;2,1
944629;Nicolas Fonseca;LaLiga;Mediocentro;2900000;2,9
822379;Santiago Colombatto;LaLiga;Mediocentro;3100000;3,1
882475;Alberto Reina;LaLiga;Mediocentro;1400000;1,4
845025;Ovie Ejaria;LaLiga;Mediocentro;535000;0,535
1587199;Pablo Agudín;LaLiga;Mediocentro;23000;0,023
606346;Eric Bailly;LaLiga;Defensa;1500000;1,5
1120504;Abdel Rahim;LaLiga;Defensa;1900000;1,9
892235;David Carmo;LaLiga;Defensa;9200000;9,2
945404;Javi López;LaLiga;Defensa;5400000;5,4
844752;Nacho Vidal;LaLiga;Defensa;1700000;1,7
345333;David Costas;LaLiga;Defensa;1500000;1,5
560756;Dani Calvo;LaLiga;Defensa;940000;0,94
597876;Lucas Ahijado;LaLiga;Defensa;750000;0,75
2507465;Adri Fernández;LaLiga;Defensa;24000;0,024
857065;Horațiu Moldovan;LaLiga;Portero;2100000;2,1
368922;Aarón Escandell;LaLiga;Portero;1900000;1,9
